ï»¿Div,Date,Time,HomeTeam,AwayTeam,FTHG,FTAG,FTR,HTHG,HTAG,HTR,HS,AS,HST,AST,HF,AF,HC,AC,HY,AY,HR,AR,B365H,B365D,B365A,BWH,BWD,BWA,BFH,BFD,BFA,PSH,PSD,PSA,WHH,WHD,WHA,1XBH,1XBD,1XBA,MaxH,MaxD,MaxA,AvgH,AvgD,AvgA,BFEH,BFED,BFEA,B365>2.5,B365<2.5,P>2.5,P<2.5,Max>2.5,Max<2.5,Avg>2.5,Avg<2.5,BFE>2.5,BFE<2.5,AHh,B365AHH,B365AHA,PAHH,PAHA,MaxAHH,MaxAHA,AvgAHH,AvgAHA,BFEAHH,BFEAHA,B365CH,B365CD,B365CA,BWCH,BWCD,BWCA,BFCH,BFCD,BFCA,PSCH,PSCD,PSCA,WHCH,WHCD,WHCA,1XBCH,1XBCD,1XBCA,MaxCH,MaxCD,MaxCA,AvgCH,AvgCD,AvgCA,BFECH,BFECD,BFECA,B365C>2.5,B365C<2.5,PC>2.5,PC<2.5,MaxC>2.5,MaxC<2.5,AvgC>2.5,AvgC<2.5,BFEC>2.5,BFEC<2.5,AHCh,B365CAHH,B365CAHA,PCAHH,PCAHA,MaxCAHH,MaxCAHA,AvgCAHH,AvgCAHA,BFECAHH,BFECAHA,Season,Div,IWH,IWD,IWA,VCH,VCD,VCA,IWCH,IWCD,IWCA,VCCH,VCCD,VCCA
D2,,19:30,FC Koln,Hamburg,1,2,A,0,2,A,26,9,4,6,18,7,6,3,2,2,0,0,2.45,3.4,2.8,2.35,3.6,2.8,2.3,3.5,2.75,2.41,3.73,2.86,2.3,3.6,2.7,2.36,3.64,2.83,2.45,3.8,2.9,2.36,3.62,2.8,2.44,3.8,2.98,1.57,2.35,1.61,2.42,1.61,2.47,1.57,2.37,1.63,2.52,-0.25,2.08,1.73,2.11,1.82,2.13,1.82,2.04,1.79,2.12,1.87,2.0,3.6,3.5,2.05,3.7,3.3,2.05,3.7,3.1,2.1,3.76,3.43,2.0,3.7,3.25,2.06,3.68,3.6,2.15,3.88,3.6,2.05,3.74,3.34,2.14,3.9,3.55,1.53,2.4,1.57,2.51,1.57,2.58,1.54,2.44,1.62,2.58,-0.25,1.75,2.05,1.84,2.08,1.95,2.18,1.8,2.04,1.87,2.13,2024/25,,,,,,,,,,,,,
D2,,19:30,Hamburg,Hertha,1,1,D,1,0,H,13,13,3,4,9,8,9,11,2,2,0,0,1.8,4.2,3.7,1.83,4.33,3.6,1.8,4.2,3.8,1.84,4.07,3.79,1.75,4.33,3.6,1.85,4.2,3.67,1.87,4.34,3.88,1.83,4.14,3.69,1.87,4.4,4.0,1.4,2.88,1.42,2.92,1.42,3.15,1.39,2.89,1.44,3.0,-0.5,1.83,2.03,1.85,2.02,1.87,2.06,1.81,1.99,1.87,2.12,1.65,4.5,4.33,1.68,4.2,4.4,1.62,3.9,4.33,1.68,4.38,4.71,1.65,4.2,4.33,1.66,4.6,4.59,1.72,4.6,4.71,1.66,4.29,4.42,1.74,4.4,4.8,1.44,2.7,1.46,2.82,1.46,3.15,1.42,2.81,1.49,3.0,-0.75,1.83,2.03,1.85,2.07,1.92,2.08,1.82,2.01,1.91,2.07,2024/25,,,,,,,,,,,,,
D2,,17:30,Hannover,Hamburg,1,0,H,0,0,D,9,8,3,1,20,18,1,3,4,4,0,1,2.3,3.6,2.8,2.45,3.6,2.65,2.3,3.5,2.75,2.38,3.76,2.88,2.38,3.6,2.62,2.38,3.72,2.73,2.45,3.76,2.88,2.37,3.65,2.76,2.5,3.8,2.96,1.62,2.25,1.64,2.35,1.64,2.42,1.59,2.3,1.66,2.44,-0.25,2.05,1.8,2.08,1.83,2.12,1.83,2.05,1.77,2.17,1.85,2.55,3.6,2.55,2.55,3.6,2.55,2.5,3.5,2.6,2.65,3.69,2.6,2.5,3.6,2.5,2.54,3.59,2.59,2.65,3.75,2.61,2.56,3.61,2.56,2.62,3.8,2.78,1.62,2.25,1.66,2.32,1.67,2.41,1.61,2.29,1.68,2.44,0.0,1.95,1.9,1.97,1.93,1.98,1.97,1.92,1.93,1.93,2.05,2024/25,,,,,,,,,,,,,
D2,,12:00,Hamburg,PreuÃen MÃ¼nster,4,1,H,3,0,H,10,15,7,7,13,8,7,10,0,0,0,0,1.38,4.75,7.0,1.43,5.0,6.5,1.33,5.0,7.0,1.39,5.39,7.22,1.4,5.0,6.5,1.4,5.2,6.9,1.43,5.4,7.3,1.39,5.1,6.89,1.4,5.4,7.2,1.44,2.7,1.44,2.87,1.44,2.89,1.41,2.79,1.43,2.88,-1.25,1.8,2.05,1.81,2.07,1.87,2.08,1.81,2.01,1.82,2.07,1.48,4.33,6.0,1.49,4.8,5.75,1.44,4.6,6.0,1.49,4.87,6.16,1.44,4.75,5.5,1.5,4.42,6.34,1.52,4.87,6.34,1.48,4.63,5.82,1.52,5.1,6.6,1.44,2.7,1.45,2.85,1.49,2.88,1.43,2.75,1.48,3.05,-1.25,2.03,1.83,2.05,1.86,2.08,1.88,2.0,1.83,2.1,1.88,2024/25,,,,,,,,,,,,,
D2,,12:30,Hamburg,Regensburg,5,0,H,2,0,H,16,4,8,1,12,11,5,4,4,5,0,0,1.33,5.5,8.5,1.34,5.25,8.25,1.29,5.5,9.0,1.3,5.63,8.81,1.29,5.5,8.5,1.32,5.55,8.8,1.34,5.8,9.3,1.31,5.47,8.62,1.33,6.0,9.4,1.53,2.4,1.54,2.5,1.55,2.63,1.52,2.47,1.56,2.6,-1.5,1.9,1.95,1.88,1.95,1.98,2.0,1.89,1.93,,,1.44,4.75,6.25,1.41,5.0,6.75,1.3,4.75,7.0,1.43,5.08,7.02,1.36,4.8,7.0,1.44,4.82,6.6,1.44,5.5,7.7,1.4,4.99,6.89,1.44,5.3,8.2,1.57,2.35,1.56,2.55,1.57,2.6,1.53,2.47,1.6,2.64,-1.25,1.95,1.9,1.96,1.94,1.99,2.05,1.88,1.95,1.94,2.04,2024/25,,,,,,,,,,,,,
D2,,19:30,Kaiserslautern,Hamburg,2,2,D,1,0,H,10,17,4,8,9,13,3,10,2,3,0,0,3.1,3.75,2.15,2.9,3.9,2.2,3.1,3.75,2.1,3.12,3.81,2.14,2.9,3.8,2.1,3.01,3.86,2.17,3.17,3.9,2.23,3.03,3.78,2.14,3.1,4.0,2.24,1.5,2.5,1.51,2.57,1.52,2.64,1.49,2.53,1.52,2.54,0.25,1.98,1.88,1.97,1.89,2.0,1.92,1.94,1.87,1.99,1.96,3.1,3.7,2.15,3.1,3.8,2.1,3.0,3.6,2.0,3.15,3.82,2.2,3.0,3.8,2.05,3.21,3.76,2.1,3.21,3.9,2.21,3.1,3.76,2.13,3.4,3.95,2.16,1.53,2.4,1.55,2.57,1.55,2.61,1.52,2.48,1.59,2.66,0.25,1.95,1.9,1.96,1.93,2.01,1.96,1.95,1.87,2.08,1.89,2024/25,,,,,,,,,,,,,
D2,,12:00,Hamburg,Paderborn,2,2,D,0,0,D,17,12,7,6,18,12,7,3,3,3,0,0,1.75,4.0,4.2,1.75,4.1,4.1,1.73,4.2,4.0,1.77,4.37,4.05,1.73,4.0,4.0,1.78,4.2,4.0,1.79,4.38,4.2,1.76,4.15,3.98,1.79,4.4,4.2,1.48,2.6,1.51,2.64,1.51,2.7,1.47,2.58,1.53,2.72,-0.75,1.98,1.88,1.98,1.91,2.02,1.91,1.94,1.86,1.97,1.9,1.85,3.9,3.7,1.88,4.0,3.6,1.8,3.9,3.75,1.89,3.99,3.85,1.83,4.0,3.5,1.86,4.05,3.75,1.94,4.2,3.96,1.87,3.97,3.69,1.93,4.2,4.0,1.44,2.7,1.49,2.73,1.49,3.05,1.43,2.73,1.48,3.0,-0.5,1.88,1.98,1.89,2.0,1.94,2.0,1.87,1.95,1.91,2.08,2024/25,,,,,,,,,,,,,
D2,,12:30,Fortuna Dusseldorf,Hamburg,0,3,A,0,1,A,22,18,7,5,8,9,10,3,2,2,1,0,2.45,3.5,2.7,2.45,3.6,2.7,2.4,3.5,2.7,2.4,3.59,2.83,2.38,3.6,2.6,2.38,3.75,2.72,2.5,3.75,2.86,2.4,3.59,2.73,2.5,3.75,2.88,1.57,2.35,1.6,2.38,1.61,2.45,1.57,2.35,1.61,2.4,0.0,1.83,2.03,1.77,2.09,1.85,2.1,1.81,2.03,1.86,2.11,2.75,3.5,2.4,2.65,3.5,2.5,2.63,3.4,2.5,2.86,3.52,2.5,2.62,3.5,2.4,2.64,3.54,2.56,2.91,3.65,2.7,2.69,3.49,2.5,2.9,3.65,2.6,1.62,2.25,1.67,2.3,1.67,2.36,1.62,2.26,1.69,2.42,0.0,2.05,1.8,2.09,1.82,2.13,1.95,2.02,1.84,2.09,1.9,2024/25,,,,,,,,,,,,,
D2,,12:30,Hamburg,Magdeburg,3,1,H,3,0,H,13,14,5,3,7,10,4,7,2,2,1,0,1.62,4.2,4.75,1.63,4.4,4.6,1.6,4.33,4.75,1.65,4.43,4.54,1.6,4.4,4.5,1.66,4.45,4.47,1.66,4.5,5.0,1.63,4.35,4.55,1.66,4.6,5.0,1.44,2.7,1.45,2.79,1.45,3.0,1.41,2.78,1.44,2.74,-1.0,1.99,1.74,2.05,1.81,2.11,1.84,2.02,1.8,,,1.67,4.2,4.33,1.7,4.2,4.33,1.62,4.0,4.2,1.7,4.25,4.69,1.62,4.33,4.33,1.69,4.29,4.42,1.74,4.45,4.75,1.68,4.24,4.44,1.75,4.5,4.7,1.36,3.1,1.38,3.18,1.39,3.35,1.35,3.11,1.41,3.35,-0.75,1.85,2.0,1.87,2.03,1.91,2.03,1.84,2.0,1.91,2.06,2024/25,,,,,,,,,,,,,
D2,,12:00,Elversberg,Hamburg,4,2,H,1,1,D,18,9,10,4,10,14,6,3,0,0,0,0,3.6,3.8,1.91,3.25,3.9,2.05,3.4,3.9,1.91,3.4,4.0,2.02,3.3,3.9,1.91,3.42,3.92,1.98,3.6,4.09,2.05,3.36,3.9,1.98,3.5,4.1,2.04,1.44,2.7,1.48,2.74,1.48,2.83,1.44,2.7,1.49,2.84,0.5,1.88,1.98,1.85,2.03,1.91,2.03,1.85,1.96,1.94,2.04,2.63,3.6,2.45,2.7,3.7,2.37,2.75,3.6,2.3,2.72,3.72,2.52,2.62,3.75,2.3,2.95,3.66,2.27,2.95,3.8,2.52,2.75,3.65,2.37,2.92,3.85,2.48,1.48,2.6,1.51,2.66,1.51,2.76,1.46,2.66,1.53,2.84,0.0,2.0,1.85,2.03,1.87,2.2,1.91,2.08,1.79,2.16,1.84,2024/25,,,,,,,,,,,,,
D2,,12:30,Hamburg,Nurnberg,1,1,D,1,0,H,12,18,4,11,10,12,5,11,1,3,0,0,1.55,4.75,5.0,1.55,4.75,5.0,1.5,4.5,5.0,1.57,4.62,5.01,1.53,4.5,5.0,1.58,4.55,5.05,1.58,4.75,5.2,1.55,4.57,4.99,1.59,4.9,5.6,1.48,2.6,1.51,2.59,1.51,2.85,1.47,2.59,1.51,2.56,-1.0,1.9,1.95,1.93,1.92,1.96,2.0,1.9,1.91,,,1.67,4.33,4.2,1.7,4.2,4.33,1.7,4.0,4.33,1.7,4.29,4.52,1.65,4.2,4.2,1.67,4.4,4.42,1.72,4.6,4.7,1.68,4.29,4.4,1.77,4.4,4.7,1.48,2.6,1.53,2.63,1.53,2.76,1.49,2.58,1.56,2.74,-0.75,1.88,1.98,1.88,2.02,1.94,2.04,1.85,1.97,1.96,2.01,2024/25,,,,,,,,,,,,,
D2,,17:30,Braunschweig,Hamburg,3,1,H,1,0,H,18,24,4,7,9,18,3,7,3,2,0,0,3.1,3.5,2.2,3.0,3.6,2.2,3.0,3.6,2.2,3.1,3.73,2.26,2.88,3.7,2.15,3.03,3.76,2.19,3.12,3.76,2.3,3.0,3.64,2.21,3.25,3.85,2.3,1.6,2.3,1.64,2.36,1.64,2.4,1.6,2.31,1.68,2.44,0.25,1.9,1.95,1.93,1.96,1.95,2.0,1.88,1.92,1.98,2.0,3.25,3.4,2.15,3.25,3.6,2.1,3.1,3.6,2.1,3.27,3.68,2.19,3.1,3.7,2.05,3.55,3.51,2.06,3.55,3.76,2.2,3.24,3.62,2.12,3.45,3.8,2.2,1.7,2.1,1.71,2.22,1.71,2.35,1.64,2.23,1.72,2.36,0.25,1.98,1.88,1.99,1.91,2.08,1.91,1.99,1.84,2.07,1.91,2024/25,,,,,,,,,,,,,
D2,,19:30,Hamburg,Schalke 04,2,2,D,2,0,H,19,7,6,2,8,11,2,4,2,2,0,0,1.62,4.1,5.0,1.63,4.2,4.75,1.6,4.2,4.75,1.61,4.33,4.98,1.57,4.33,4.75,1.64,4.4,4.69,1.7,4.4,5.2,1.62,4.25,4.8,1.66,4.6,5.2,1.5,2.5,1.53,2.58,1.56,2.75,1.5,2.51,1.5,2.52,-1.0,2.03,1.83,2.05,1.83,2.09,1.85,2.02,1.8,2.02,1.8,1.63,4.1,4.5,1.71,4.1,4.33,1.67,3.8,4.2,1.69,4.13,4.72,1.73,4.0,4.0,1.72,4.03,4.52,1.78,4.3,4.73,1.72,4.06,4.29,1.78,4.2,4.8,1.5,2.5,1.55,2.7,1.58,2.7,1.51,2.53,1.58,2.72,-0.75,1.85,2.0,1.99,1.91,1.99,2.02,1.91,1.91,1.97,1.98,2024/25,,,,,,,,,,,,,
D2,,12:30,Karlsruhe,Hamburg,1,3,A,1,1,D,18,19,4,8,8,8,7,7,4,4,0,0,2.5,3.5,2.63,2.45,3.75,2.6,2.45,3.6,2.63,2.54,3.67,2.62,2.38,3.75,2.6,2.48,3.84,2.55,2.54,3.85,2.65,2.46,3.65,2.59,2.5,3.75,2.74,1.53,2.4,1.53,2.54,1.58,2.65,1.51,2.47,1.5,2.32,0.0,1.88,1.98,1.9,1.95,1.91,2.02,1.87,1.96,,,2.3,3.6,2.8,2.35,3.75,2.75,2.3,3.5,2.6,2.34,3.8,2.92,2.3,3.75,2.62,2.27,3.66,2.95,2.56,3.86,2.95,2.37,3.68,2.72,2.52,3.9,2.84,1.44,2.7,1.47,2.81,1.5,2.95,1.44,2.72,1.51,2.94,-0.25,2.03,1.83,2.05,1.85,2.18,1.88,2.05,1.8,2.2,1.82,2024/25,,,,,,,,,,,,,
D2,,12:30,Hamburg,Darmstadt,2,2,D,2,1,H,16,19,7,6,11,8,2,8,2,4,0,0,1.95,3.7,3.5,1.93,4.0,3.5,2.0,3.8,3.3,1.94,4.05,3.46,1.91,3.9,3.3,,,,2.0,4.1,3.5,1.94,3.9,3.4,1.97,4.1,3.5,1.48,2.6,1.48,2.67,1.49,2.68,1.46,2.62,1.5,2.62,-0.5,1.98,1.88,1.95,1.9,1.99,1.93,1.94,1.86,1.97,1.9,1.9,3.7,3.7,1.93,3.9,3.5,1.85,3.6,3.5,1.99,3.88,3.66,1.91,3.9,3.4,1.97,3.73,3.63,1.99,4.08,3.8,1.92,3.84,3.55,2.0,4.0,3.9,1.48,2.6,1.5,2.71,1.53,2.73,1.48,2.58,1.54,2.8,-0.5,1.93,1.93,2.0,1.9,2.0,1.98,1.91,1.9,2.0,1.98,2024/25,,,,,,,,,,,,,
D2,,12:00,Ulm,Hamburg,1,1,D,1,0,H,15,6,5,2,14,17,5,2,3,6,0,1,4.0,3.8,1.8,3.9,3.8,1.85,4.0,3.8,1.8,3.99,3.95,1.86,3.75,3.6,1.91,3.8,3.88,1.88,4.25,3.97,1.91,3.86,3.81,1.85,4.0,4.0,1.93,1.62,2.25,1.65,2.29,1.65,2.33,1.62,2.25,1.66,2.32,0.5,2.0,1.85,2.02,1.86,2.04,1.89,1.98,1.83,2.04,1.94,3.8,3.75,1.85,3.9,3.75,1.87,3.8,3.5,1.8,4.17,3.76,1.89,3.8,3.7,1.85,4.0,3.81,1.85,4.25,3.97,1.9,3.93,3.75,1.85,4.3,3.9,1.94,1.65,2.2,1.69,2.23,1.7,2.41,1.65,2.2,1.72,2.34,0.5,1.98,1.88,2.01,1.89,2.05,1.92,1.98,1.84,2.04,1.96,2024/25,,,,,,,,,,,,,
D2,,12:00,Hamburg,Greuther Furth,5,0,H,3,0,H,14,5,9,3,16,7,3,4,2,1,0,0,1.57,4.33,5.0,1.6,4.4,5.0,1.53,4.33,5.0,1.6,4.51,5.14,1.6,4.33,4.8,1.59,4.5,4.97,1.6,4.52,5.16,1.58,4.36,4.97,1.62,4.8,5.4,1.53,2.4,1.56,2.52,1.56,2.7,1.51,2.48,1.53,2.48,-1.0,1.98,1.88,1.99,1.89,2.0,1.91,1.96,1.86,1.94,1.82,1.5,5.0,5.25,1.51,4.8,5.25,1.44,4.5,5.0,1.53,4.94,5.63,1.5,4.6,5.0,1.5,5.02,5.27,1.58,5.02,5.64,1.51,4.74,5.24,1.56,5.0,5.9,1.33,3.4,1.35,3.36,1.43,3.4,1.34,3.15,1.38,3.5,-1.0,1.75,2.05,1.8,2.11,1.93,2.14,1.81,2.05,1.86,2.12,2024/25,,,,,,,,,,,,,
D2,,19:30,Hamburg,FC Koln,1,0,H,0,0,D,14,7,5,1,14,16,6,6,3,4,0,0,2.55,3.75,2.45,2.55,3.8,2.5,2.63,3.5,2.45,2.64,3.72,2.5,2.5,3.6,2.45,2.59,3.8,2.46,2.64,3.8,2.55,2.57,3.68,2.46,2.66,3.8,2.6,1.57,2.35,1.58,2.43,1.58,2.45,1.54,2.38,1.59,2.52,0.0,1.98,1.88,1.99,1.88,2.01,1.91,1.94,1.87,1.99,1.93,2.3,3.8,2.7,2.35,3.7,2.8,2.25,3.5,2.7,2.38,3.71,2.91,2.3,3.6,2.8,2.34,3.84,2.74,2.48,3.84,2.91,2.33,3.68,2.77,2.42,3.85,2.98,1.53,2.4,1.58,2.49,1.58,2.55,1.51,2.47,1.58,2.7,-0.25,2.05,1.8,2.07,1.83,2.1,1.87,2.03,1.78,2.12,1.87,2024/25,,,,,,,,,,,,,
D2,,19:30,Hertha,Hamburg,2,3,A,0,1,A,12,10,4,5,10,10,8,4,1,4,0,0,2.6,3.8,2.4,2.65,3.8,2.4,2.7,3.75,2.38,2.66,3.83,2.43,2.62,3.75,2.4,2.65,3.9,2.38,2.7,4.0,2.44,2.63,3.8,2.38,2.64,4.0,2.54,1.48,2.6,1.49,2.67,1.49,2.7,1.45,2.63,1.5,2.76,0.0,2.03,1.83,2.03,1.85,2.05,1.88,2.0,1.83,2.0,1.92,2.7,3.8,2.3,2.75,3.75,2.35,2.63,3.5,2.25,2.83,3.81,2.39,2.75,3.7,2.3,2.64,3.86,2.42,2.85,3.86,2.58,2.7,3.72,2.37,2.9,3.85,2.48,1.48,2.6,1.51,2.66,1.51,2.66,1.48,2.58,1.55,2.76,0.25,1.8,2.05,1.82,2.09,1.83,2.17,1.76,2.08,1.84,2.17,2024/25,,,,,,,,,,,,,
D2,,12:30,Hamburg,Hannover,2,2,D,1,0,H,19,16,4,4,11,17,6,3,4,2,0,0,1.91,3.7,3.75,1.93,3.6,3.8,1.95,3.6,3.75,1.93,3.7,3.85,1.91,3.6,3.7,1.91,3.82,3.74,1.98,3.82,3.86,1.92,3.65,3.72,1.98,3.85,4.0,1.67,2.15,1.69,2.2,1.72,2.21,1.68,2.15,1.7,2.24,-0.5,1.93,1.93,1.93,1.92,1.98,1.98,1.93,1.9,1.98,1.98,2.25,3.6,2.9,2.25,3.5,3.0,2.2,3.25,2.88,2.29,3.59,3.15,2.25,3.4,2.9,2.21,3.65,3.06,2.36,3.78,3.74,2.25,3.52,3.02,2.4,3.6,3.25,1.6,2.3,1.66,2.32,1.67,2.37,1.62,2.26,1.7,2.38,-0.25,1.98,1.88,1.99,1.91,2.07,2.2,1.94,1.9,2.07,1.93,2024/25,,,,,,,,,,,,,
D2,,17:30,PreuÃen MÃ¼nster,Hamburg,1,2,A,1,1,D,5,14,2,7,7,14,3,7,3,2,0,0,3.6,3.75,1.95,3.5,3.7,1.98,3.5,3.7,1.91,3.66,3.88,1.99,3.5,3.6,2.0,3.61,3.82,1.95,3.7,3.9,2.06,3.55,3.74,1.95,3.75,3.95,2.04,1.67,2.15,1.69,2.25,1.72,2.29,1.66,2.19,1.73,2.32,0.5,1.88,1.98,1.9,2.0,1.92,2.06,1.85,1.95,1.93,2.04,3.3,3.6,2.05,3.3,3.5,2.1,3.4,3.4,2.0,3.46,3.6,2.14,3.3,3.5,2.1,3.49,3.65,2.03,3.5,3.8,2.15,3.37,3.55,2.07,3.65,3.75,2.14,1.8,2.0,1.81,2.08,1.83,2.23,1.75,2.06,1.85,2.16,0.25,2.0,1.85,2.04,1.86,2.08,1.89,2.01,1.81,2.12,1.87,2024/25,,,,,,,,,,,,,
D2,,12:30,Regensburg,Hamburg,1,1,D,1,0,H,15,14,4,6,19,15,9,7,1,5,0,1,5.0,4.0,1.62,,,,5.0,4.0,1.6,5.22,4.22,1.61,5.0,3.9,1.65,5.15,4.25,1.61,5.3,4.3,1.65,5.01,4.04,1.61,5.4,4.2,1.65,1.7,2.1,1.7,2.18,1.75,2.32,1.67,2.16,1.58,2.22,0.75,2.05,1.8,2.1,1.76,2.11,1.85,2.04,1.76,2.05,1.78,5.5,4.1,1.55,,,,5.0,3.9,1.6,5.72,4.31,1.59,5.0,4.0,1.6,5.83,4.17,1.56,5.83,4.33,1.65,5.31,4.11,1.59,6.0,4.3,1.65,1.62,2.25,1.66,2.31,1.7,2.33,1.63,2.26,1.73,2.34,1.0,1.9,1.95,1.91,1.99,1.95,2.08,1.84,1.98,1.93,2.04,2024/25,,,,,,,,,,,,,
D2,,17:30,Hamburg,Kaiserslautern,3,0,H,1,0,H,15,13,8,2,11,7,11,2,1,1,0,0,1.58,3.9,5.25,,,,1.57,4.0,5.0,1.65,3.98,5.63,1.62,4.0,4.8,1.64,4.15,4.98,1.65,4.3,5.65,1.62,3.92,5.21,1.67,4.3,5.8,1.5,2.5,1.52,2.64,1.52,2.7,1.49,2.57,1.53,2.82,-1.0,2.05,1.8,2.06,1.84,2.14,1.85,2.03,1.79,2.11,1.87,1.7,3.8,4.75,,,,1.67,3.8,4.75,1.72,3.93,4.99,1.7,3.9,4.5,1.72,3.83,4.79,1.73,4.15,5.1,1.69,3.85,4.77,1.77,4.2,5.0,1.48,2.6,1.51,2.66,1.57,2.7,1.49,2.58,1.54,2.82,-0.75,1.88,1.98,1.91,1.99,1.92,2.02,1.86,1.96,1.96,2.03,2024/25,,,,,,,,,,,,,
D2,,12:30,Paderborn,Hamburg,2,0,H,1,0,H,15,15,5,4,13,11,9,3,2,1,0,0,2.55,3.5,2.6,,,,2.5,3.5,2.63,2.55,3.54,2.67,2.5,3.5,2.62,2.5,3.7,2.6,2.6,3.7,2.7,2.48,3.48,2.62,2.38,3.3,2.72,1.62,2.25,1.65,2.28,1.68,2.32,1.62,2.25,1.57,2.2,0.0,1.9,1.95,1.88,1.97,1.94,1.99,1.85,1.95,,,2.25,3.5,2.9,,,,2.15,3.4,2.88,2.31,3.65,3.05,2.3,3.5,2.8,2.41,3.54,2.82,2.42,3.69,3.06,2.3,3.53,2.89,2.42,3.75,3.1,1.62,2.25,1.66,2.31,1.74,2.36,1.63,2.25,1.67,2.44,-0.25,2.0,1.85,2.02,1.88,2.15,1.9,2.01,1.81,2.08,1.89,2024/25,,,,,,,,,,,,,
D2,,19:30,Hamburg,Fortuna Dusseldorf,4,1,H,2,1,H,18,9,9,1,11,9,8,3,1,4,0,0,1.73,4.0,4.2,,,,1.73,4.0,4.33,1.76,4.1,4.18,1.75,4.0,4.2,1.76,4.15,4.14,1.78,4.25,4.33,1.75,4.03,4.09,1.81,4.1,4.6,1.53,2.4,1.55,2.53,1.56,2.6,1.53,2.44,1.57,2.6,-0.75,1.98,1.88,1.99,1.88,2.0,1.89,1.94,1.84,2.01,1.9,1.7,4.0,4.33,,,,1.7,3.9,4.33,1.7,4.1,4.88,1.73,4.0,4.2,1.7,4.06,4.58,1.75,4.25,4.89,1.71,4.02,4.47,1.75,4.2,5.0,1.57,2.35,1.57,2.47,1.61,2.6,1.55,2.41,1.62,2.58,-0.75,1.88,1.98,1.89,2.01,1.93,2.02,1.88,1.93,1.94,2.02,2024/25,,,,,,,,,,,,,
D2,,17:30,Magdeburg,Hamburg,0,3,A,0,2,A,16,14,2,6,6,8,3,3,1,2,0,0,2.45,3.6,2.7,,,,2.4,3.5,2.63,2.5,3.78,2.71,2.45,3.6,2.62,2.46,3.64,2.67,2.51,3.8,2.8,2.43,3.63,2.68,2.56,3.8,2.82,1.5,2.5,1.53,2.59,1.55,2.63,1.51,2.46,1.55,2.72,0.0,1.83,2.03,1.87,2.03,1.88,2.07,1.81,2.0,1.89,2.1,2.5,3.6,2.63,,,,2.4,3.5,2.7,2.53,3.72,2.71,2.45,3.5,2.62,2.51,3.51,2.71,2.55,3.73,2.75,2.47,3.6,2.66,2.62,3.8,2.78,1.53,2.4,1.56,2.56,1.56,2.56,1.53,2.44,1.6,2.62,0.0,1.88,1.98,1.88,2.02,1.89,2.04,1.84,1.97,1.93,2.05,2024/25,,,,,,,,,,,,,
D2,,17:30,Hamburg,Elversberg,0,0,D,0,0,D,15,14,3,3,12,10,8,4,0,3,0,0,1.73,4.0,4.2,,,,1.73,4.0,4.33,1.74,4.08,4.56,,,,1.74,3.92,4.53,1.77,4.08,4.9,1.74,3.94,4.29,1.77,4.2,4.8,1.57,2.35,1.58,2.43,1.58,2.43,1.56,2.35,1.61,2.44,-0.75,1.95,1.9,1.95,1.93,1.97,1.95,1.91,1.88,1.97,1.97,1.8,4.1,3.7,,,,1.73,3.8,4.2,1.85,3.96,4.12,,,,1.8,4.07,3.98,1.86,4.1,4.6,1.79,3.92,4.07,1.85,4.2,4.5,1.48,2.6,1.51,2.66,1.55,2.67,1.51,2.5,1.57,2.7,-0.75,2.03,1.78,2.09,1.8,2.09,1.87,2.0,1.81,2.07,1.92,2024/25,,,,,,,,,,,,,
D2,,12:00,Nurnberg,Hamburg,0,3,A,0,2,A,9,24,3,8,5,10,7,7,4,2,1,0,3.1,3.75,2.1,,,,3.1,3.6,2.1,3.24,3.71,2.13,,,,3.18,3.78,2.11,3.3,3.78,2.15,3.16,3.69,2.1,3.35,3.9,2.2,1.62,2.25,1.62,2.35,1.62,2.38,1.59,2.27,1.63,2.38,0.25,2.0,1.85,2.0,1.87,2.0,1.92,1.96,1.82,2.06,1.91,3.7,4.1,1.8,,,,3.3,3.5,1.91,4.19,4.05,1.85,,,,3.92,4.17,1.79,4.2,4.17,1.91,3.89,3.94,1.82,4.2,4.3,1.88,1.5,2.5,1.54,2.62,1.54,2.66,1.5,2.52,1.56,2.7,0.5,2.03,1.83,2.08,1.81,2.09,1.85,2.0,1.81,2.12,1.88,2024/25,,,,,,,,,,,,,
D2,,17:30,Hamburg,Braunschweig,2,4,A,0,2,A,11,16,5,5,15,7,5,4,3,4,0,0,1.4,4.75,7.0,,,,1.33,5.0,7.0,1.39,5.4,7.55,,,,1.41,5.1,6.8,1.43,5.41,7.56,1.39,5.05,6.97,1.4,5.7,8.4,1.4,2.88,1.41,3.03,1.42,3.03,1.4,2.83,1.47,3.05,-1.5,2.03,1.78,2.07,1.83,2.08,1.84,2.02,1.79,2.1,1.85,1.38,4.75,7.0,,,,1.33,5.0,7.0,1.39,5.36,7.84,,,,1.4,4.86,7.47,1.41,5.4,7.85,1.38,5.08,7.09,1.4,5.9,8.4,1.37,2.87,1.41,3.03,1.42,3.03,1.39,2.89,1.46,3.1,-1.5,1.97,1.77,2.06,1.84,2.07,1.87,1.99,1.82,2.08,1.91,2024/25,,,,,,,,,,,,,
D2,,19:30,Schalke 04,Hamburg,2,2,D,1,2,A,12,26,3,12,8,12,4,2,3,3,1,0,3.4,3.7,2.0,,,,3.3,3.75,2.0,3.36,3.74,2.06,,,,3.26,3.74,2.09,3.4,4.0,2.09,3.22,3.77,2.04,3.3,4.0,2.1,1.53,2.4,1.54,2.53,1.54,2.63,1.5,2.47,1.55,2.6,0.25,2.05,1.75,2.05,1.81,2.06,1.82,1.99,1.78,,,3.0,3.7,2.2,,,,2.8,3.6,2.1,3.07,3.84,2.24,,,,3.14,3.72,2.15,3.14,4.0,2.31,2.93,3.75,2.2,3.2,3.95,2.28,1.44,2.7,1.47,2.81,1.47,2.82,1.45,2.71,1.51,2.92,0.25,1.93,1.93,1.93,1.95,1.97,1.97,1.9,1.91,1.99,1.99,2024/25,,,,,,,,,,,,,
D2,,12:30,Hamburg,Karlsruhe,1,2,A,1,2,A,13,11,5,4,15,14,4,1,1,5,0,0,1.5,4.75,5.25,,,,1.47,4.6,5.5,1.51,4.83,5.5,,,,1.5,4.9,5.5,1.51,4.91,5.75,1.49,4.79,5.39,1.55,5.1,5.7,1.4,2.88,1.38,3.05,1.4,3.05,1.37,2.92,1.43,3.05,-1.25,2.03,1.83,2.04,1.83,2.11,1.83,2.0,1.79,1.95,1.83,1.5,5.0,5.25,,,,1.44,4.6,5.0,1.52,4.92,5.71,,,,1.5,5.02,5.27,1.52,5.02,5.75,1.49,4.84,5.31,1.56,5.0,6.0,1.33,3.4,1.37,3.21,1.37,3.42,1.34,3.15,1.42,3.35,-1.25,2.03,1.83,2.05,1.85,2.05,1.87,2.01,1.81,2.1,1.89,2024/25,,,,,,,,,,,,,
D2,,12:00,Darmstadt,Hamburg,0,4,A,0,1,A,21,10,2,6,9,21,4,5,3,3,0,0,2.87,3.6,2.25,,,,2.88,3.7,2.2,2.9,3.91,2.28,,,,2.87,3.84,2.26,2.9,3.95,2.28,2.85,3.81,2.22,2.96,4.0,2.36,1.44,2.7,1.46,2.78,1.47,2.88,1.43,2.69,1.47,2.88,0.25,1.85,2.0,1.88,2.01,1.88,2.05,1.84,1.94,1.89,2.06,3.0,3.75,2.1,,,,3.0,3.6,2.0,3.23,3.85,2.15,,,,3.2,3.83,2.09,3.24,3.9,2.2,3.08,3.81,2.1,3.3,4.0,2.2,1.44,2.7,1.43,2.91,1.45,2.93,1.41,2.82,1.47,3.05,0.25,1.98,1.88,2.02,1.88,2.03,1.9,1.98,1.84,2.04,1.94,2024/25,,,,,,,,,,,,,
D2,,19:30,Hamburg,Ulm,6,1,H,3,1,H,15,17,10,4,10,5,3,6,3,1,0,0,1.4,5.0,6.5,,,,1.33,5.0,7.0,1.39,5.14,7.28,,,,1.39,5.15,7.2,1.4,5.15,7.5,1.38,4.99,6.84,1.39,3.25,3.25,1.48,2.6,1.52,2.6,1.52,2.6,1.48,2.52,,,-1.25,1.85,2.0,1.86,2.01,1.86,2.03,1.83,1.95,,,1.36,5.75,6.5,,,,1.33,5.0,7.0,1.37,5.68,7.71,,,,1.37,5.79,6.82,1.38,5.79,7.75,1.35,5.52,7.07,1.4,5.8,8.4,1.33,3.4,1.33,3.48,1.33,3.48,1.32,3.32,1.37,3.55,-1.5,1.95,1.9,1.96,1.93,1.98,1.97,1.91,1.91,1.99,1.99,2024/25,,,,,,,,,,,,,
D2,,14:30,Greuther Furth,Hamburg,3,2,H,1,0,H,12,15,4,5,13,13,4,7,4,1,0,0,2.8,3.8,2.2,,,,2.7,4.2,2.2,2.67,4.46,2.18,,,,2.72,4.33,2.21,2.89,4.48,2.21,2.72,4.2,2.17,2.82,4.4,2.34,1.4,2.88,1.37,3.01,1.4,3.1,1.37,2.93,1.4,3.15,0.25,1.85,1.95,1.87,1.97,1.9,1.98,1.84,1.93,,,2.45,4.0,2.45,,,,2.45,3.9,2.45,2.53,4.07,2.52,,,,2.58,4.05,2.39,2.58,4.2,2.52,2.49,4.04,2.44,2.62,4.1,2.6,1.4,2.88,1.39,3.04,1.42,3.04,1.39,2.91,1.46,3.1,0.0,1.88,1.93,1.94,1.94,1.96,1.99,1.92,1.9,2.0,1.98,2024/25,,,,,,,,,,,,,
,,19:30,Hamburg,Schalke 04,5,3,H,1,2,A,31,11,14,6,10,13,9,3,3,3,0,1,2.38,3.75,2.7,2.37,3.6,2.75,,,,2.43,3.81,2.83,2.15,3.4,2.75,,,,2.46,3.81,2.95,2.35,3.64,2.76,,,,1.5,2.5,1.53,2.63,1.56,2.66,1.51,2.5,,,-0.25,2.05,1.75,2.11,1.8,2.16,1.84,2.04,1.78,,,2.38,3.8,2.63,2.37,3.7,2.7,,,,2.47,3.77,2.8,2.25,3.4,2.6,,,,2.5,3.84,2.84,2.38,3.67,2.69,,,,1.48,2.6,1.51,2.66,1.51,2.88,1.47,2.62,,,-0.25,2.05,1.75,2.14,1.78,2.14,1.82,2.07,1.75,,,2023/24,D2,2.4,3.6,2.75,2.38,3.6,2.7,2.5,3.5,2.7,2.3,3.8,2.63
,,12:30,Karlsruhe,Hamburg,2,2,D,1,0,H,17,13,4,7,6,14,7,3,3,2,0,0,2.8,4.0,2.2,2.95,3.9,2.15,,,,2.87,4.16,2.28,2.88,3.6,2.0,,,,2.95,4.25,2.3,2.83,3.88,2.19,,,,1.4,2.88,1.43,2.96,1.43,3.0,1.4,2.86,,,0.25,1.88,1.98,1.89,2.02,1.92,2.02,1.86,1.93,,,2.45,4.0,2.5,2.45,3.9,2.55,,,,2.48,4.14,2.62,2.3,3.7,2.38,,,,2.62,4.2,2.65,2.43,3.93,2.51,,,,1.36,3.1,1.37,3.24,1.38,3.3,1.35,3.11,,,0.0,1.85,2.0,1.9,2.01,2.01,2.05,1.88,1.94,,,2023/24,D2,2.8,3.8,2.3,2.75,4.0,2.2,2.5,3.8,2.55,2.4,4.0,2.45
,,19:30,Hamburg,Hertha,3,0,H,2,0,H,27,11,7,2,10,7,4,2,2,2,0,0,1.83,3.9,4.0,1.93,3.9,3.5,,,,1.9,4.17,3.79,1.85,3.6,3.25,,,,1.95,4.2,4.0,1.88,3.93,3.6,,,,1.48,2.6,1.51,2.65,1.53,2.7,1.49,2.55,,,-0.5,1.88,1.98,1.9,2.0,1.95,2.02,1.87,1.94,,,1.73,4.2,4.33,1.72,4.33,4.1,,,,1.74,4.43,4.36,1.67,3.9,3.7,,,,1.75,4.5,4.58,1.71,4.24,4.14,,,,1.36,3.1,1.37,3.22,1.39,3.32,1.35,3.07,,,-0.75,1.9,1.95,1.92,1.99,1.95,2.0,1.88,1.93,,,2023/24,D2,1.95,3.55,3.85,1.85,4.0,3.5,1.75,3.8,4.4,1.7,4.4,3.9
,,19:30,Hannover,Hamburg,0,1,A,0,0,D,19,11,5,4,13,13,3,3,1,4,0,1,3.25,4.0,2.0,,,,,,,3.42,4.12,2.03,3.0,3.7,1.91,,,,3.45,4.15,2.06,3.23,3.96,2.0,,,,1.44,2.7,1.48,2.75,1.48,2.85,1.44,2.72,,,0.5,1.85,2.0,1.88,2.03,1.89,2.07,1.81,2.0,,,3.3,4.0,2.0,,,,,,,3.34,4.07,2.07,3.0,3.7,1.91,,,,3.5,4.2,2.11,3.27,3.99,1.98,,,,1.44,2.7,1.49,2.72,1.49,3.2,1.41,2.84,,,0.5,1.8,2.05,1.85,2.07,1.94,2.11,1.84,1.97,,,2023/24,D2,3.15,3.95,2.05,3.1,4.0,2.0,3.35,3.85,2.0,3.1,4.0,2.0
,,12:30,Hamburg,Hansa Rostock,2,0,H,1,0,H,17,7,11,3,14,15,3,5,2,5,0,0,1.45,4.75,6.5,1.47,4.8,6.0,,,,1.52,4.94,5.86,1.44,4.0,5.5,,,,1.52,5.0,6.5,1.47,4.71,5.84,,,,1.44,2.7,1.46,2.81,1.5,2.81,1.44,2.69,,,-1.25,2.0,1.85,2.06,1.85,2.06,1.89,1.99,1.82,,,1.44,5.0,6.5,1.47,4.6,6.25,,,,1.47,4.91,6.7,1.4,4.33,5.5,,,,1.51,5.0,7.0,1.46,4.68,6.08,,,,1.48,2.6,1.49,2.73,1.52,2.8,1.47,2.62,,,-1.25,1.95,1.9,1.98,1.93,2.03,1.96,1.97,1.84,,,2023/24,D2,1.47,4.8,6.0,1.45,4.8,5.75,1.5,4.6,5.75,1.44,4.75,5.75
,,12:00,Elversberg,Hamburg,2,1,H,1,0,H,16,13,7,6,12,9,7,6,3,2,0,0,4.2,4.2,1.75,3.8,4.2,1.78,,,,4.2,4.49,1.76,3.75,3.7,1.7,,,,4.2,4.5,1.78,4.03,4.21,1.74,,,,1.4,2.88,1.41,3.02,1.42,3.05,1.39,2.88,,,0.75,1.93,1.93,1.96,1.94,1.96,1.98,1.89,1.9,,,3.5,4.0,1.91,3.6,4.0,1.88,,,,3.78,4.17,1.9,3.5,3.7,1.75,,,,4.2,4.5,1.97,3.65,4.11,1.85,,,,1.4,2.88,1.4,3.08,1.42,3.15,1.38,2.95,,,0.5,1.93,1.93,2.0,1.9,2.09,1.98,1.96,1.86,,,2023/24,D2,4.2,4.2,1.73,4.0,4.1,1.73,3.5,4.1,1.9,3.25,4.2,1.9
,,17:30,Osnabruck,Hamburg,2,1,H,2,1,H,18,8,9,3,10,15,13,7,5,6,0,0,4.5,4.5,1.62,4.5,4.4,1.65,,,,4.5,4.74,1.67,4.33,4.2,1.53,,,,4.7,4.91,1.67,4.47,4.53,1.62,,,,1.36,3.1,1.41,3.05,1.41,3.12,1.38,2.96,,,1.0,1.83,2.03,1.84,2.08,1.9,2.09,1.82,2.0,,,4.5,4.75,1.6,4.6,4.5,1.63,,,,4.94,4.72,1.62,4.33,4.2,1.53,,,,4.94,4.85,1.65,4.56,4.5,1.61,,,,1.36,3.1,1.38,3.19,1.38,3.3,1.35,3.1,,,1.0,1.88,1.98,1.92,1.99,1.95,2.05,1.84,1.98,,,2023/24,D2,4.6,4.3,1.65,4.4,4.5,1.6,4.5,4.4,1.65,4.4,4.5,1.6
,,17:30,Hamburg,Fortuna Dusseldorf,1,0,H,0,0,D,10,8,4,2,10,14,8,3,3,6,0,1,2.1,4.0,3.2,2.1,3.9,3.1,,,,2.11,4.16,3.18,1.95,4.0,3.2,,,,2.11,4.24,3.45,2.06,3.96,3.14,,,,1.44,2.7,1.46,2.82,1.46,2.99,1.41,2.8,,,-0.25,1.85,2.0,1.86,2.05,1.89,2.08,1.82,2.0,,,2.0,4.0,3.25,1.98,3.9,3.4,,,,1.97,4.13,3.58,1.91,4.0,3.25,,,,2.14,4.2,3.61,1.96,3.99,3.35,,,,1.4,2.88,1.45,2.86,1.45,2.92,1.41,2.81,,,-0.5,1.95,1.9,1.97,1.93,2.05,1.98,1.94,1.87,,,2023/24,D2,2.1,3.75,3.25,2.05,4.0,3.0,2.05,3.75,3.3,1.95,4.0,3.2
,,12:00,Wehen,Hamburg,1,1,D,0,0,D,6,23,2,5,11,3,4,13,2,2,0,0,4.5,4.33,1.67,4.4,4.2,1.68,,,,4.61,4.6,1.68,4.2,4.2,1.65,,,,4.61,4.6,1.7,4.41,4.31,1.66,,,,1.44,2.7,1.47,2.78,1.5,2.8,1.45,2.63,,,0.75,2.05,1.8,2.07,1.85,2.07,1.85,2.0,1.8,,,4.0,4.2,1.8,4.0,4.2,1.75,,,,4.07,4.43,1.82,4.0,4.2,1.7,,,,4.4,4.5,1.82,4.11,4.22,1.73,,,,1.44,2.7,1.46,2.83,1.5,2.92,1.43,2.73,,,0.75,1.85,2.0,1.88,2.03,2.0,2.03,1.89,1.9,,,2023/24,D2,4.3,4.2,1.7,4.33,4.33,1.62,4.2,3.95,1.77,3.9,4.2,1.73
,,12:00,Hamburg,Greuther Furth,2,0,H,2,0,H,17,14,4,3,12,12,6,7,2,4,0,0,1.67,4.33,4.5,1.65,4.4,4.5,,,,1.68,4.52,4.68,1.62,4.4,4.2,,,,1.68,4.52,4.75,1.65,4.31,4.47,,,,1.44,2.7,1.47,2.79,1.47,2.85,1.43,2.72,,,-0.75,1.83,2.03,1.85,2.07,1.86,2.07,1.8,2.0,,,1.65,4.33,4.5,1.68,4.2,4.33,,,,1.69,4.46,4.62,1.62,4.33,4.33,,,,1.71,4.46,4.79,1.66,4.29,4.48,,,,1.44,2.7,1.48,2.77,1.49,2.85,1.44,2.7,,,-0.75,1.83,2.03,1.87,2.04,1.88,2.09,1.81,2.0,,,2023/24,D2,1.7,4.2,4.4,1.62,4.33,4.33,1.7,4.2,4.3,1.65,4.33,4.2
,,19:30,Kaiserslautern,Hamburg,3,3,D,2,1,H,13,20,5,9,8,15,3,4,1,4,0,0,3.0,3.8,2.2,3.0,3.75,2.15,,,,3.07,3.96,2.23,2.9,3.8,2.1,,,,3.07,3.96,2.23,2.98,3.78,2.17,,,,1.53,2.4,1.57,2.51,1.62,2.52,1.56,2.38,,,0.25,1.93,1.93,1.95,1.95,1.96,1.96,1.9,1.89,,,2.7,3.8,2.38,2.7,3.7,2.4,,,,2.76,3.88,2.46,2.7,3.75,2.25,,,,2.91,3.88,2.46,2.74,3.75,2.34,,,,1.53,2.4,1.55,2.58,1.6,2.63,1.52,2.47,,,0.0,2.05,1.8,2.07,1.85,2.12,1.85,2.06,1.77,,,2023/24,D2,2.95,3.75,2.2,2.88,3.8,2.15,2.8,3.75,2.3,2.63,3.8,2.3
,,19:30,Hamburg,Magdeburg,2,0,H,1,0,H,16,13,7,4,18,10,4,6,1,2,0,1,1.57,4.75,4.75,1.58,4.75,4.8,,,,1.57,5.02,5.15,1.5,4.75,4.6,,,,1.59,5.02,5.15,1.56,4.76,4.84,,,,1.33,3.4,1.37,3.25,1.37,3.4,1.34,3.16,,,-1.0,1.88,1.98,1.88,2.03,1.94,2.03,1.86,1.95,,,1.62,4.75,4.33,1.61,4.8,4.33,,,,1.63,4.92,4.68,1.5,4.75,4.5,,,,1.63,5.14,5.0,1.58,4.85,4.63,,,,1.29,3.6,1.3,3.67,1.31,3.67,1.28,3.53,,,-1.0,1.98,1.88,1.99,1.92,2.02,2.02,1.89,1.93,,,2023/24,D2,1.57,4.7,4.8,1.53,4.75,4.75,1.57,4.9,4.6,1.55,4.8,4.5
,,12:00,Holstein Kiel,Hamburg,4,2,H,1,0,H,16,15,8,7,13,13,7,6,2,2,0,0,3.25,4.0,2.0,3.3,3.9,2.0,,,,3.43,4.03,2.05,3.0,4.0,1.95,,,,3.45,4.15,2.05,3.28,3.94,2.0,,,,1.44,2.7,1.47,2.78,1.47,2.8,1.44,2.71,,,0.25,2.08,1.73,2.12,1.79,2.12,1.83,2.07,1.76,,,3.25,4.0,2.0,3.25,4.0,2.0,,,,3.52,4.07,2.0,3.1,3.9,1.95,,,,3.52,4.1,2.1,3.25,3.99,2.0,,,,1.4,2.88,1.44,2.91,1.45,3.25,1.39,2.9,,,0.5,1.88,1.98,1.92,1.99,1.92,2.05,1.83,1.98,,,2023/24,D2,3.3,3.9,2.0,3.13,4.0,2.0,3.15,3.9,2.05,3.1,4.0,2.0
,,17:30,Hamburg,Braunschweig,2,1,H,2,0,H,16,14,5,3,11,10,7,4,1,2,0,0,1.3,6.0,9.0,1.33,5.75,8.0,,,,1.31,6.18,9.49,1.29,5.5,7.5,,,,1.34,6.18,9.49,1.31,5.73,8.45,,,,1.36,3.1,1.41,3.04,1.41,3.1,1.37,2.96,,,-1.5,1.85,2.0,1.88,2.02,1.92,2.03,1.85,1.97,,,1.36,5.75,7.0,1.33,5.75,8.0,,,,1.34,6.18,8.09,1.29,5.5,8.0,,,,1.36,6.18,8.6,1.33,5.69,7.67,,,,1.36,3.1,1.35,3.31,1.39,3.4,1.34,3.15,,,-1.5,1.85,2.0,1.9,2.01,1.92,2.06,1.87,1.95,,,2023/24,D2,1.33,5.5,8.25,1.3,5.5,8.0,1.35,5.5,7.5,1.3,5.75,7.5
,,17:30,St Pauli,Hamburg,2,2,D,2,0,H,16,6,5,3,5,13,9,3,1,3,0,0,1.83,4.0,4.0,1.85,3.8,3.9,,,,1.91,3.92,4.0,1.83,3.75,3.5,,,,1.95,4.0,4.1,1.87,3.82,3.81,,,,1.62,2.25,1.65,2.34,1.65,2.42,1.61,2.27,,,-0.5,1.88,1.98,1.91,2.0,1.95,2.02,1.87,1.93,,,1.83,4.0,4.0,1.83,3.8,4.0,,,,1.87,3.88,4.21,1.75,3.8,3.8,,,,1.95,4.0,4.25,1.85,3.82,3.94,,,,1.65,2.2,1.68,2.27,1.7,2.35,1.63,2.24,,,-0.5,1.83,2.03,1.87,2.04,1.95,2.08,1.85,1.95,,,2023/24,D2,1.95,3.75,3.6,1.85,3.8,3.7,1.95,3.75,3.6,1.8,3.9,3.8
,,12:00,Hamburg,Paderborn,1,2,A,1,1,D,18,11,6,4,16,8,8,4,2,1,1,1,1.62,4.33,5.0,1.63,4.4,4.6,,,,1.64,4.77,4.77,1.57,4.4,4.33,,,,1.66,4.77,5.0,1.62,4.46,4.6,,,,1.4,2.88,1.4,3.05,1.4,3.1,1.37,2.97,,,-1.0,1.98,1.88,2.02,1.89,2.05,1.89,1.99,1.83,,,1.65,4.75,4.2,1.65,4.4,4.5,,,,1.68,4.6,4.62,1.57,4.33,4.33,,,,1.72,4.75,4.76,1.65,4.4,4.46,,,,1.36,3.1,1.38,3.18,1.4,3.25,1.36,3.06,,,-1.0,2.05,1.8,2.09,1.83,2.17,1.89,2.05,1.79,,,2023/24,D2,1.63,4.4,4.6,1.6,4.5,4.5,1.7,4.3,4.4,1.62,4.5,4.33
,,12:00,Nurnberg,Hamburg,0,2,A,0,0,D,12,14,2,4,9,18,4,6,1,5,0,0,3.2,3.8,2.1,3.0,3.9,2.1,,,,3.14,4.29,2.09,2.88,4.0,2.0,,,,3.2,4.3,2.15,3.06,4.0,2.07,,,,1.48,2.6,1.5,2.7,1.5,2.88,1.45,2.66,,,0.25,2.03,1.83,2.06,1.86,2.06,1.89,1.98,1.82,,,3.25,4.2,1.95,3.3,4.0,1.98,,,,3.36,4.07,2.06,3.1,4.0,1.91,,,,3.46,4.2,2.06,3.32,4.04,1.96,,,,1.44,2.7,1.48,2.76,1.48,2.81,1.44,2.71,,,0.5,1.85,2.0,1.85,2.06,1.95,2.06,1.85,1.96,,,2023/24,D2,3.05,3.85,2.15,3.0,3.9,2.05,3.25,3.95,2.05,3.2,4.0,1.95
,,19:30,Schalke 04,Hamburg,0,2,A,0,2,A,27,8,4,6,13,10,11,5,3,2,0,0,2.63,3.75,2.45,2.6,3.8,2.45,,,,2.67,3.94,2.5,2.45,3.75,2.38,,,,2.67,3.94,2.5,2.59,3.79,2.43,,,,1.48,2.6,1.48,2.75,1.48,2.78,1.45,2.67,,,0.0,2.0,1.85,2.02,1.88,2.02,1.89,1.97,1.85,,,2.63,3.75,2.5,2.65,3.75,2.4,,,,2.68,3.83,2.54,2.5,3.8,2.3,,,,2.83,3.86,2.54,2.63,3.76,2.42,,,,1.48,2.6,1.52,2.62,1.52,2.75,1.47,2.59,,,0.0,2.03,1.83,2.01,1.9,2.08,1.9,1.98,1.85,,,2023/24,D2,,,,2.6,3.7,2.4,,,,2.55,3.8,2.38
,,12:30,Hamburg,Karlsruhe,3,4,A,2,2,D,18,13,10,6,8,11,11,2,1,2,0,0,1.65,4.2,4.75,1.6,4.6,4.6,,,,1.68,4.53,4.7,1.57,4.5,4.2,,,,1.68,4.7,4.75,1.64,4.39,4.45,,,,1.4,2.88,1.41,3.0,1.41,3.25,1.36,3.01,,,-1.0,2.03,1.83,2.07,1.82,2.12,1.87,2.02,1.8,,,1.53,4.5,5.75,1.55,4.6,5.25,,,,1.57,4.8,5.32,1.5,4.6,5.0,,,,1.66,4.84,6.19,1.55,4.56,5.15,,,,1.36,3.1,1.38,3.18,1.41,3.38,1.36,3.05,,,-1.0,1.88,1.98,1.9,2.01,2.04,2.08,1.87,1.96,,,2023/24,D2,,,,1.62,4.5,4.4,,,,1.53,4.5,5.0
,,19:30,Hertha,Hamburg,1,2,A,0,0,D,7,16,3,5,21,13,4,6,5,2,0,0,3.25,3.6,2.1,2.9,3.9,2.2,,,,3.19,3.87,2.19,2.88,3.8,2.05,,,,3.25,4.05,2.23,3.0,3.79,2.14,,,,1.48,2.6,1.5,2.68,1.5,2.78,1.45,2.67,,,0.25,2.0,1.85,1.99,1.92,2.0,1.96,1.94,1.87,,,2.8,3.6,2.4,2.75,3.75,2.3,,,,2.91,3.8,2.38,2.7,3.7,2.2,,,,3.09,3.85,2.4,2.8,3.68,2.32,,,,1.5,2.5,1.49,2.74,1.5,2.88,1.45,2.68,,,0.25,1.75,2.05,1.84,2.08,1.87,2.14,1.81,2.02,,,2023/24,D2,,,,3.0,3.8,2.1,,,,2.7,3.7,2.3
,,17:30,Hamburg,Hannover,3,4,A,1,3,A,17,13,3,4,13,14,10,7,2,2,2,0,1.73,4.33,4.2,1.73,4.2,4.2,,,,1.76,4.18,4.5,1.65,4.2,4.0,,,,1.76,4.4,4.71,1.72,4.12,4.3,,,,1.48,2.6,1.51,2.66,1.51,2.74,1.46,2.63,,,-0.75,1.93,1.93,1.96,1.94,1.97,1.97,1.89,1.92,,,1.73,4.33,4.2,1.73,4.1,4.2,,,,1.7,4.36,4.7,1.67,4.2,4.0,,,,1.75,4.4,4.75,1.7,4.19,4.29,,,,1.44,2.7,1.46,2.82,1.48,2.88,1.44,2.72,,,-0.75,1.9,1.95,1.88,2.04,1.95,2.04,1.86,1.95,,,2023/24,D2,,,,1.7,4.1,4.1,,,,1.7,4.2,4.0
,,12:00,Hansa Rostock,Hamburg,2,2,D,0,1,A,10,13,7,4,20,13,1,1,4,2,0,0,4.75,4.33,1.65,4.75,4.33,1.63,,,,4.75,4.41,1.68,4.5,4.2,1.57,,,,5.0,4.5,1.69,4.62,4.28,1.64,,,,1.5,2.5,1.57,2.53,1.57,2.65,1.5,2.51,,,1.0,1.78,2.03,1.79,2.13,1.83,2.13,1.77,2.06,,,4.75,4.5,1.62,5.0,4.33,1.6,,,,4.96,4.61,1.63,4.5,4.33,1.55,,,,5.96,4.77,1.71,4.86,4.39,1.6,,,,1.48,2.6,1.48,2.73,1.54,2.75,1.47,2.61,,,1.0,1.85,2.0,1.88,2.03,2.14,2.11,1.86,1.97,,,2023/24,D2,,,,4.5,4.33,1.62,,,,4.75,4.2,1.6
,,12:30,Hamburg,Elversberg,1,0,H,0,0,D,16,12,7,4,8,6,5,5,2,1,0,0,1.6,4.33,5.0,1.63,4.4,4.6,,,,1.63,4.35,5.32,1.55,4.5,4.33,,,,1.64,4.7,5.32,1.61,4.36,4.74,,,,1.36,3.1,1.41,3.03,1.41,3.15,1.37,2.98,,,-1.0,1.98,1.88,2.0,1.91,2.02,1.92,1.97,1.84,,,1.53,4.75,5.25,1.52,4.8,5.25,,,,1.52,4.73,6.25,1.5,4.6,4.75,,,,1.57,5.0,6.25,1.51,4.76,5.23,,,,1.33,3.4,1.35,3.34,1.35,3.4,1.32,3.26,,,-1.0,1.75,2.05,1.78,2.15,1.89,2.19,1.8,2.04,,,2023/24,D2,,,,1.6,4.4,4.6,,,,1.57,4.5,4.6
,,12:30,Hamburg,Osnabruck,1,2,A,1,1,D,13,3,3,2,16,10,11,5,4,4,0,1,1.4,5.5,6.5,1.4,5.25,6.75,,,,1.41,5.33,7.52,1.36,5.5,6.5,,,,1.43,5.5,7.52,1.39,5.18,6.71,,,,1.36,3.1,1.39,3.13,1.39,3.4,1.34,3.14,,,-1.5,2.0,1.85,2.04,1.87,2.1,1.89,1.99,1.82,,,1.45,5.0,6.0,1.44,5.0,6.0,,,,1.46,5.4,6.26,1.36,5.5,6.5,,,,1.46,5.5,7.5,1.42,5.09,6.15,,,,1.33,3.4,1.36,3.28,1.37,3.4,1.35,3.12,,,-1.25,1.9,1.95,1.93,1.98,1.95,2.0,1.86,1.96,,,2023/24,D2,,,,1.36,5.0,7.0,,,,1.4,5.0,6.0
,,17:30,Fortuna Dusseldorf,Hamburg,2,0,H,1,0,H,8,11,4,0,14,6,4,1,2,2,0,1,2.38,3.6,2.75,2.4,3.7,2.7,,,,2.45,3.79,2.81,2.38,3.7,2.6,,,,2.47,3.82,2.85,2.39,3.67,2.72,,,,1.53,2.4,1.56,2.55,1.58,2.57,1.53,2.47,,,-0.25,2.05,1.75,2.13,1.79,2.14,1.83,2.06,1.77,,,2.45,3.6,2.7,2.55,3.6,2.55,,,,2.52,3.76,2.73,2.45,3.7,2.5,,,,2.56,3.77,2.78,2.47,3.63,2.63,,,,1.57,2.35,1.57,2.53,1.57,2.54,1.53,2.45,,,0.0,1.85,2.0,1.88,2.04,1.91,2.05,1.85,1.98,,,2023/24,D2,,,,2.38,3.7,2.63,,,,2.45,3.6,2.55
,,12:30,Hamburg,Wehen,3,0,H,1,0,H,17,10,8,4,12,12,9,2,1,1,0,0,1.5,4.5,6.0,1.5,4.75,5.75,,,,1.51,4.84,6.19,1.44,4.75,5.8,,,,1.51,5.0,6.2,1.48,4.7,5.79,,,,1.4,2.88,1.46,2.82,1.46,3.0,1.41,2.84,,,-1.25,2.0,1.85,2.04,1.88,2.08,1.89,1.98,1.83,,,1.5,4.5,5.75,1.52,4.6,5.5,,,,1.51,4.91,5.99,1.44,4.6,5.5,,,,1.53,4.91,6.3,1.49,4.65,5.65,,,,1.48,2.6,1.47,2.77,1.48,2.95,1.44,2.71,,,-1.0,1.8,2.05,1.79,2.11,1.83,2.12,1.79,2.04,,,2023/24,D2,,,,1.45,4.6,6.0,,,,1.45,4.75,5.5
,,12:30,Greuther Furth,Hamburg,1,1,D,0,0,D,4,16,1,6,8,15,3,7,2,3,0,0,3.0,3.75,2.25,2.87,3.8,2.25,,,,2.99,3.73,2.32,2.88,3.8,2.15,,,,3.0,3.88,2.33,2.89,3.7,2.24,,,,1.5,2.5,1.54,2.57,1.54,2.64,1.49,2.55,,,0.25,1.85,2.0,1.88,2.03,1.9,2.04,1.85,1.95,,,3.25,3.75,2.15,3.1,3.7,2.15,,,,3.24,3.83,2.16,3.0,3.7,2.1,,,,3.25,3.83,2.25,3.05,3.69,2.15,,,,1.57,2.35,1.58,2.49,1.58,2.6,1.53,2.44,,,0.25,1.98,1.88,2.01,1.89,2.03,1.96,1.93,1.88,,,2023/24,D2,,,,2.8,3.8,2.2,,,,3.0,3.75,2.1
,,12:00,Hamburg,Kaiserslautern,2,1,H,1,1,D,15,20,6,4,12,11,7,6,1,1,0,0,1.65,4.33,4.75,1.63,4.4,4.6,,,,1.64,4.42,5.0,1.6,4.4,4.33,,,,1.67,4.55,5.0,1.63,4.32,4.63,,,,1.48,2.6,1.52,2.64,1.52,2.88,1.46,2.66,,,-1.0,2.03,1.83,2.05,1.86,2.11,1.86,2.03,1.8,,,1.8,4.0,4.2,1.85,3.9,3.9,,,,1.79,4.09,4.26,1.75,4.0,3.8,,,,1.85,4.09,4.27,1.8,3.91,4.0,,,,1.53,2.4,1.56,2.54,1.56,2.6,1.53,2.45,,,-0.75,1.98,1.88,2.02,1.89,2.08,1.92,2.0,1.83,,,2023/24,D2,,,,1.6,4.33,4.5,,,,1.8,3.9,3.9
,,12:30,Magdeburg,Hamburg,2,2,D,2,0,H,14,23,8,8,12,12,3,9,2,0,0,1,3.3,3.6,2.1,3.1,3.9,2.05,,,,3.13,3.89,2.19,3.0,4.0,2.0,,,,3.3,4.15,2.23,3.06,3.81,2.12,,,,1.44,2.7,1.5,2.7,1.5,2.75,1.45,2.66,,,0.25,1.98,1.88,1.98,1.93,2.04,1.96,1.95,1.86,,,3.5,3.8,2.0,3.1,3.9,2.1,,,,3.32,4.09,2.04,2.9,4.0,2.05,,,,3.5,4.09,2.12,3.14,3.92,2.05,,,,1.36,3.1,1.39,3.12,1.44,3.17,1.38,2.94,,,0.25,2.05,1.75,2.1,1.81,2.11,1.85,2.0,1.8,,,2023/24,D2,,,,3.0,3.8,2.1,,,,3.1,4.0,2.0
,,19:30,Hamburg,Holstein Kiel,0,1,A,0,0,D,21,12,4,3,12,8,13,4,1,2,0,1,2.05,3.75,3.2,2.05,3.8,3.2,,,,2.08,3.94,3.34,2.0,4.0,3.0,,,,2.08,4.09,3.35,2.04,3.86,3.2,,,,1.44,2.7,1.45,2.87,1.45,3.0,1.41,2.82,,,-0.5,2.05,1.75,2.08,1.82,2.08,1.84,2.04,1.8,,,2.0,3.8,3.3,2.1,3.9,3.1,,,,2.19,3.93,3.1,2.05,3.9,3.0,,,,2.2,4.05,3.33,2.08,3.87,3.11,,,,1.4,2.88,1.43,2.96,1.44,3.01,1.4,2.86,,,-0.25,1.75,2.05,1.93,1.97,1.94,2.12,1.83,1.97,,,2023/24,D2,,,,2.0,4.0,3.1,,,,2.05,3.9,3.0
,,12:00,Braunschweig,Hamburg,0,4,A,0,2,A,5,17,2,6,8,10,1,6,0,1,0,0,3.0,3.75,2.2,3.1,3.7,2.15,,,,3.24,3.65,2.22,3.1,3.7,2.05,,,,3.24,3.75,2.23,3.1,3.61,2.16,,,,1.65,2.2,1.67,2.3,1.68,2.38,1.62,2.28,,,0.25,1.93,1.93,1.97,1.93,1.99,1.97,1.92,1.88,,,2.9,3.75,2.25,2.95,3.7,2.25,,,,3.05,3.81,2.25,2.8,3.7,2.2,,,,3.1,3.82,2.31,2.95,3.67,2.22,,,,1.57,2.35,1.56,2.55,1.6,2.55,1.54,2.43,,,0.25,1.88,1.98,1.93,1.98,1.93,2.0,1.87,1.94,,,2023/24,D2,,,,3.0,3.75,2.1,,,,2.88,3.75,2.15
,,17:30,Hamburg,St Pauli,1,0,H,0,0,D,15,14,6,4,15,11,5,1,2,3,0,1,2.38,3.6,2.88,2.15,3.7,3.0,,,,2.25,3.77,3.08,2.15,3.7,2.9,,,,2.38,3.82,3.09,2.21,3.69,2.95,,,,1.6,2.3,1.59,2.46,1.61,2.5,1.56,2.39,,,-0.25,2.03,1.78,1.98,1.93,2.03,1.93,1.93,1.86,,,2.1,3.75,3.3,2.1,3.7,3.1,,,,2.18,3.72,3.35,2.1,3.7,3.0,,,,2.21,3.84,3.44,2.13,3.69,3.11,,,,1.57,2.35,1.6,2.44,1.6,2.6,1.54,2.44,,,-0.25,1.83,2.03,1.91,2.0,1.92,2.1,1.87,1.95,,,2023/24,D2,,,,2.2,3.75,2.8,,,,2.1,3.75,3.0
,,17:30,Paderborn,Hamburg,1,0,H,1,0,H,15,10,3,2,10,10,4,9,3,2,0,0,3.6,4.2,1.83,3.4,4.4,1.87,,,,3.48,4.59,1.88,3.3,4.4,1.8,,,,3.69,4.6,1.89,3.47,4.38,1.84,,,,1.29,3.6,1.28,3.87,1.29,4.1,1.26,3.75,,,0.5,2.0,1.85,2.01,1.89,2.06,1.89,1.98,1.83,,,3.6,4.2,1.8,3.6,4.5,1.8,,,,3.6,4.69,1.84,3.4,4.33,1.8,,,,3.84,4.69,1.85,3.54,4.39,1.82,,,,1.25,4.0,1.28,3.92,1.28,4.1,1.25,3.79,,,0.75,1.83,2.03,1.87,2.05,1.88,2.07,1.83,1.99,,,2023/24,D2,,,,3.3,4.4,1.83,,,,3.4,4.4,1.8
,,14:30,Hamburg,Nurnberg,4,1,H,3,1,H,12,16,5,2,13,11,4,6,2,2,0,0,1.36,5.75,6.5,1.36,5.75,7.25,,,,1.31,5.57,7.57,1.3,5.5,7.5,,,,1.36,6.0,8.1,1.33,5.61,7.31,,,,1.29,3.6,1.26,3.65,1.29,3.84,1.26,3.59,,,-1.5,1.88,1.98,1.79,1.99,1.95,2.0,1.84,1.96,,,1.25,7.5,8.0,1.25,7.0,9.25,,,,1.25,6.8,9.59,1.2,7.0,9.5,,,,1.33,7.69,10.0,1.25,6.66,8.95,,,,1.18,4.5,1.18,4.96,1.23,5.0,1.19,4.52,,,-1.75,1.73,2.08,1.74,2.15,1.94,2.25,1.79,2.04,,,2023/24,D2,,,,1.33,5.5,7.0,,,,1.22,7.0,9.0
,,12:30,Braunschweig,Hamburg,0,2,A,0,0,D,24,15,8,6,7,15,9,4,0,2,0,0,5.25,4.2,1.61,5.0,4.33,1.6,,,,5.36,4.04,1.63,5.25,3.9,1.57,,,,5.5,4.33,1.73,5.12,4.11,1.61,,,,1.65,2.2,1.68,2.21,1.7,2.28,1.66,2.2,,,1.0,1.83,2.02,1.81,2.06,1.87,2.25,1.8,2.04,,,4.75,4.0,1.72,4.4,3.8,1.75,,,,4.79,3.89,1.71,4.75,3.75,1.65,,,,5.0,4.05,1.8,4.62,3.85,1.72,,,,1.72,2.07,1.74,2.12,1.89,2.19,1.74,2.07,,,0.75,1.95,1.9,1.93,1.92,1.97,1.98,1.91,1.93,,,2022/23,D2,4.5,3.9,1.73,5.0,4.2,1.57,4.2,3.75,1.8,4.33,3.9,1.7
,,12:30,Hamburg,Hansa Rostock,0,1,A,0,0,D,17,12,2,2,9,12,5,7,1,5,0,0,1.53,4.5,5.5,1.5,4.5,6.0,,,,1.52,4.52,6.54,1.47,4.33,6.0,,,,1.53,4.61,6.54,1.49,4.49,5.98,,,,1.57,2.35,1.61,2.41,1.61,2.45,1.56,2.37,,,-1.0,1.8,2.05,1.81,2.1,1.84,2.11,1.79,2.05,,,1.53,4.33,5.5,1.55,4.33,5.5,,,,1.59,4.24,6.05,1.5,4.0,6.0,,,,1.59,4.59,6.05,1.54,4.27,5.68,,,,1.66,2.15,1.69,2.26,1.69,2.38,1.63,2.25,,,-1.0,1.95,1.9,1.97,1.93,1.99,2.0,1.9,1.94,,,2022/23,D2,1.5,4.6,5.75,1.45,4.6,6.0,1.55,4.3,5.5,1.5,4.4,5.5
,,12:00,Hamburg,Heidenheim,1,0,H,1,0,H,12,15,4,3,10,13,2,15,1,2,0,0,1.7,4.0,4.75,1.63,4.2,4.8,,,,1.68,4.21,4.99,1.65,3.9,4.6,,,,1.7,4.21,5.0,1.65,4.07,4.73,,,,1.65,2.2,1.67,2.31,1.69,2.33,1.63,2.25,,,-0.75,1.83,2.02,1.85,2.06,1.89,2.06,1.83,2.01,,,1.7,4.0,4.5,1.75,3.9,4.33,,,,1.74,4.17,4.63,1.73,3.7,4.33,,,,1.78,4.25,5.25,1.72,3.98,4.4,,,,1.61,2.25,1.65,2.35,1.7,2.35,1.65,2.22,,,-0.75,1.9,1.95,1.93,1.97,1.96,1.98,1.92,1.92,,,2022/23,D2,1.67,4.1,4.8,1.62,4.1,4.6,1.77,3.75,4.5,1.7,4.0,4.2
,,12:00,Bielefeld,Hamburg,0,2,A,0,1,A,14,15,5,10,8,8,6,4,4,1,0,0,3.75,3.75,1.95,3.6,3.6,1.98,,,,3.76,3.68,2.04,3.5,3.5,1.95,,,,3.76,3.75,2.05,3.56,3.59,1.99,,,,1.72,2.07,1.79,2.11,1.8,2.12,1.75,2.06,,,0.5,1.85,2.0,1.88,2.04,1.9,2.05,1.84,2.0,,,3.1,3.8,2.1,3.25,3.7,2.05,,,,3.42,3.73,2.14,3.2,3.6,2.05,,,,3.42,3.82,2.14,3.28,3.7,2.06,,,,1.6,2.3,1.67,2.31,1.72,2.35,1.63,2.26,,,0.25,1.98,1.83,2.06,1.86,2.11,1.88,2.03,1.81,,,2022/23,D2,3.55,3.45,2.05,3.5,3.6,1.95,3.35,3.55,2.1,3.2,3.8,2.0
,,17:30,Hamburg,Darmstadt,1,2,A,0,2,A,15,22,5,7,15,17,6,7,3,5,2,1,2.15,3.8,3.1,2.15,3.7,3.1,,,,2.22,3.74,3.23,2.1,3.5,3.1,,,,2.22,3.87,3.23,2.15,3.69,3.1,,,,1.5,2.5,1.53,2.59,1.53,2.64,1.5,2.55,,,-0.25,1.9,1.95,1.93,1.97,1.93,2.0,1.89,1.95,,,2.2,3.8,3.0,2.15,3.7,3.1,,,,2.27,3.69,3.15,2.15,3.4,3.1,,,,2.28,3.9,3.28,2.17,3.69,3.05,,,,1.5,2.5,1.53,2.59,1.58,2.72,1.5,2.55,,,-0.25,1.98,1.88,1.98,1.93,2.01,1.97,1.91,1.93,,,2022/23,D2,2.15,3.7,3.1,2.1,3.75,3.0,2.15,3.7,3.1,2.15,3.8,2.88
,,19:30,Nurnberg,Hamburg,0,2,A,0,1,A,16,12,5,3,7,13,4,6,1,2,0,0,3.1,3.5,2.25,2.95,3.6,2.25,,,,3.1,3.63,2.33,3.0,3.4,2.2,,,,3.1,3.76,2.33,2.98,3.57,2.25,,,,1.61,2.25,1.66,2.33,1.66,2.38,1.61,2.29,,,0.25,1.88,1.98,1.89,2.02,1.91,2.04,1.87,1.97,,,3.3,3.6,2.15,3.2,3.6,2.1,,,,3.44,3.69,2.14,3.1,3.5,2.1,,,,3.47,3.82,2.31,3.19,3.61,2.13,,,,1.57,2.35,1.63,2.37,1.63,2.42,1.59,2.32,,,0.25,2.02,1.83,2.06,1.85,2.06,1.99,1.96,1.89,,,2022/23,D2,2.95,3.55,2.3,2.9,3.6,2.2,3.2,3.6,2.15,3.1,3.75,2.05
,,19:30,Hamburg,Karlsruhe,1,0,H,1,0,H,16,11,5,7,8,17,5,4,1,2,0,0,1.61,4.2,5.0,1.68,4.2,4.5,,,,1.7,4.21,4.87,1.65,3.9,4.5,,,,1.7,4.35,5.0,1.67,4.1,4.63,,,,1.47,2.6,1.51,2.67,1.51,2.7,1.47,2.63,,,-0.75,1.85,2.0,1.87,2.04,1.87,2.06,1.84,2.01,,,1.72,4.0,4.33,1.75,4.1,4.2,,,,1.78,4.15,4.42,1.7,3.9,4.33,,,,1.8,4.26,4.7,1.73,4.05,4.27,,,,1.47,2.6,1.51,2.68,1.51,2.78,1.47,2.64,,,-0.75,1.95,1.9,1.98,1.93,2.0,1.99,1.91,1.93,,,2022/23,D2,1.65,4.2,4.7,1.65,4.2,4.33,1.77,3.9,4.3,1.73,4.0,4.1
,,17:30,Holstein Kiel,Hamburg,2,3,A,0,1,A,22,12,9,7,11,10,10,4,0,2,0,0,3.6,3.75,1.9,3.6,3.8,1.93,,,,3.84,3.77,1.99,3.6,3.6,1.91,,,,3.84,3.93,2.02,3.61,3.73,1.95,,,,1.6,2.3,1.63,2.37,1.63,2.45,1.58,2.34,,,0.5,1.9,1.95,1.92,1.99,1.95,1.99,1.89,1.95,,,3.4,3.6,2.0,3.5,3.7,1.98,,,,3.8,3.75,2.0,3.4,3.5,2.0,,,,3.8,3.87,2.05,3.53,3.69,1.98,,,,1.61,2.25,1.65,2.34,1.7,2.42,1.61,2.28,,,0.5,1.88,1.98,1.9,2.0,1.92,2.05,1.86,1.98,,,2022/23,D2,3.6,3.75,1.95,3.4,3.75,1.95,3.5,3.5,2.05,3.4,3.75,1.95
,,19:30,Hamburg,Fortuna Dusseldorf,2,0,H,1,0,H,19,4,10,0,13,12,8,3,2,3,0,0,1.95,3.8,3.6,2.0,3.6,3.5,,,,2.02,3.85,3.66,1.95,3.5,3.5,,,,2.05,3.85,3.8,1.98,3.68,3.51,,,,1.61,2.25,1.67,2.3,1.67,2.35,1.62,2.27,,,-0.5,1.98,1.88,2.02,1.89,2.05,1.93,1.98,1.86,,,2.05,3.75,3.4,2.0,3.6,3.5,,,,2.07,3.68,3.7,2.0,3.5,3.4,,,,2.07,3.8,3.7,2.03,3.61,3.47,,,,1.65,2.2,1.68,2.26,1.7,2.34,1.64,2.24,,,-0.5,2.02,1.83,2.07,1.85,2.07,1.87,2.03,1.81,,,2022/23,D2,2.0,3.65,3.5,1.95,3.8,3.4,2.05,3.55,3.45,2.05,3.6,3.3
,,17:30,Hannover,Hamburg,1,2,A,1,1,D,8,18,4,7,12,13,5,5,3,4,0,0,3.6,3.5,2.0,3.4,3.7,2.0,,,,3.62,3.77,2.06,3.4,3.5,2.0,,,,3.62,3.88,2.07,3.45,3.67,2.02,,,,1.61,2.25,1.65,2.34,1.66,2.39,1.62,2.29,,,0.5,1.83,2.02,1.86,2.06,1.87,2.06,1.82,2.02,,,3.6,3.6,2.0,3.25,3.7,2.05,,,,3.48,3.74,2.11,3.3,3.5,2.05,,,,3.72,3.85,2.12,3.36,3.63,2.06,,,,1.57,2.35,1.65,2.34,1.66,2.44,1.6,2.31,,,0.25,2.1,1.77,2.08,1.84,2.12,1.84,2.05,1.8,,,2022/23,D2,3.55,3.45,2.05,3.3,3.75,2.0,3.45,3.45,2.1,3.2,3.7,2.05
,,19:30,Hamburg,Kaiserslautern,1,1,D,1,0,H,14,10,10,4,11,7,5,4,0,0,0,0,1.57,4.33,5.0,1.61,4.1,5.25,,,,1.61,4.36,5.49,1.6,3.9,5.0,,,,1.66,4.36,5.49,1.61,4.16,5.07,,,,1.6,2.3,1.63,2.39,1.67,2.39,1.61,2.3,,,-1.0,1.98,1.88,2.0,1.91,2.1,1.93,2.0,1.85,,,1.66,4.0,4.5,1.68,3.9,4.8,,,,1.68,4.05,5.26,1.65,3.75,4.8,,,,1.7,4.33,5.41,1.67,3.97,4.87,,,,1.7,2.1,1.74,2.19,1.78,2.27,1.69,2.15,,,-0.75,1.85,2.0,1.87,2.05,1.9,2.07,1.85,1.99,,,2022/23,D2,1.63,4.2,5.0,1.57,4.2,5.0,1.67,4.1,4.7,1.67,4.0,4.6
,,17:30,St Pauli,Hamburg,3,0,H,0,0,D,23,7,7,2,15,6,7,2,3,1,0,1,3.1,3.5,2.25,3.1,3.5,2.25,,,,3.15,3.63,2.3,3.0,3.3,2.25,,,,3.3,3.64,2.31,3.09,3.48,2.23,,,,1.75,2.05,1.79,2.11,1.8,2.13,1.75,2.08,,,0.25,1.88,1.98,1.91,1.99,1.94,2.02,1.88,1.95,,,2.8,3.5,2.45,2.95,3.5,2.35,,,,2.9,3.52,2.51,2.9,3.3,2.3,,,,3.22,3.62,2.51,2.93,3.49,2.32,,,,1.7,2.1,1.74,2.18,1.8,2.24,1.71,2.12,,,0.25,1.73,2.15,1.77,2.15,1.89,2.17,1.82,2.02,,,2022/23,D2,3.1,3.35,2.3,3.0,3.5,2.2,2.9,3.45,2.35,2.8,3.6,2.3
,,12:30,Hamburg,Magdeburg,2,3,A,0,1,A,23,8,3,4,10,15,11,1,1,2,0,0,1.5,4.75,6.0,1.47,4.75,6.25,,,,1.51,4.67,6.46,1.44,4.33,6.5,,,,1.52,4.8,6.75,1.48,4.58,6.1,,,,1.5,2.5,1.51,2.66,1.53,2.66,1.5,2.55,,,-1.25,2.02,1.83,2.07,1.85,2.09,1.86,2.02,1.83,,,1.6,4.75,4.75,1.55,4.5,5.25,,,,1.61,4.6,5.2,1.52,4.33,5.25,,,,1.61,5.1,6.05,1.55,4.57,5.18,,,,1.44,2.7,1.43,2.95,1.44,2.95,1.42,2.83,,,-1.0,1.95,1.9,1.98,1.93,1.99,2.06,1.91,1.93,,,2022/23,D2,1.5,4.7,6.0,1.45,4.6,6.0,1.6,4.5,4.8,1.55,4.6,4.8
,,12:30,Paderborn,Hamburg,2,3,A,1,2,A,17,15,6,8,11,10,5,4,2,0,0,0,2.25,3.8,2.9,2.25,3.75,2.87,,,,2.29,3.89,3.0,2.2,3.7,2.8,,,,2.31,4.0,3.05,2.22,3.77,2.89,,,,1.47,2.6,1.51,2.65,1.55,2.7,1.48,2.57,,,-0.25,1.98,1.88,2.0,1.9,2.02,1.93,1.96,1.89,,,2.2,4.0,2.9,2.2,3.9,2.95,,,,2.23,4.01,3.03,2.15,3.7,2.9,,,,2.35,4.01,3.03,2.2,3.83,2.92,,,,1.44,2.7,1.47,2.77,1.49,2.81,1.45,2.69,,,-0.25,1.95,1.9,1.96,1.94,1.99,1.96,1.92,1.92,,,2022/23,D2,2.25,3.8,2.9,2.2,3.8,2.88,2.35,3.7,2.8,2.15,3.9,2.88
,,12:30,Hamburg,Regensburg,3,1,H,1,1,D,23,11,11,5,9,8,8,4,1,3,0,0,1.4,4.75,7.5,1.42,4.8,7.0,,,,1.45,4.71,7.71,1.4,4.33,7.5,,,,1.46,4.9,7.71,1.42,4.69,7.01,,,,1.57,2.35,1.59,2.47,1.6,2.47,1.56,2.39,,,-1.25,1.9,1.95,1.96,1.94,1.96,2.0,1.91,1.92,,,1.44,4.75,6.5,1.44,4.8,6.5,,,,1.47,4.74,7.1,1.4,4.5,7.0,,,,1.48,5.0,7.6,1.43,4.76,6.66,,,,1.47,2.6,1.49,2.71,1.6,2.71,1.49,2.56,,,-1.25,1.95,1.9,1.99,1.92,2.01,1.96,1.93,1.91,,,2022/23,D2,1.43,4.9,6.75,1.4,4.8,7.0,1.43,4.9,6.5,1.4,5.0,6.5
,,17:30,Greuther Furth,Hamburg,1,0,H,1,0,H,8,12,4,2,15,11,5,4,4,6,1,0,3.4,3.6,2.1,3.25,3.7,2.1,,,,3.39,3.62,2.19,3.2,3.4,2.1,,,,3.5,3.72,2.19,3.23,3.55,2.13,,,,1.7,2.1,1.72,2.21,1.76,2.28,1.69,2.16,,,0.25,1.98,1.88,2.01,1.89,2.02,1.93,1.97,1.86,,,3.1,3.6,2.2,3.2,3.6,2.15,,,,3.22,3.7,2.24,3.1,3.4,2.15,,,,3.47,3.8,2.28,3.15,3.57,2.17,,,,1.66,2.15,1.71,2.23,1.76,2.23,1.7,2.14,,,0.25,1.93,1.93,1.96,1.94,2.02,1.98,1.93,1.91,,,2022/23,D2,3.2,3.55,2.15,3.2,3.6,2.1,3.15,3.5,2.2,3.1,3.6,2.15
,,12:00,Hamburg,Sandhausen,4,2,H,1,0,H,18,9,6,4,11,16,4,0,1,4,0,0,1.4,5.25,7.0,1.42,4.75,7.25,,,,1.44,4.98,7.2,1.38,4.6,7.0,,,,1.45,5.25,7.4,1.4,4.83,7.03,,,,1.53,2.4,1.59,2.47,1.6,2.5,1.56,2.39,,,-1.25,1.88,1.98,1.93,1.97,1.93,2.03,1.88,1.96,,,1.5,4.75,5.75,1.52,4.6,5.5,,,,1.54,4.63,6.08,1.5,4.2,5.8,,,,1.54,5.0,7.4,1.5,4.52,5.82,,,,1.53,2.4,1.56,2.54,1.6,2.56,1.54,2.45,,,-1.0,1.8,2.05,1.85,2.06,1.85,2.23,1.8,2.05,,,2022/23,D2,1.4,4.9,7.0,1.4,5.0,7.0,1.53,4.5,5.75,1.5,4.5,5.5
,,12:30,Hamburg,Braunschweig,4,2,H,2,1,H,16,11,5,4,13,5,8,7,1,0,0,0,1.53,4.5,5.5,1.53,4.5,5.5,,,,1.53,4.74,5.99,1.47,4.2,6.5,,,,1.53,4.74,6.5,1.51,4.48,5.73,,,,1.6,2.3,1.61,2.43,1.66,2.43,1.61,2.31,,,-1.0,1.83,2.02,1.85,2.06,1.89,2.07,1.83,2.01,,,1.44,5.0,6.5,1.42,5.0,6.75,,,,1.43,5.21,7.04,1.4,4.5,7.0,,,,1.45,5.21,7.3,1.41,4.91,6.75,,,,1.48,2.6,1.48,2.75,1.57,2.75,1.51,2.53,,,-1.25,1.9,1.95,1.92,1.99,1.96,2.02,1.89,1.95,,,2022/23,D2,1.53,4.5,5.75,1.5,4.4,5.75,1.45,4.8,6.5,1.4,5.0,6.5
,,12:30,Hansa Rostock,Hamburg,0,2,A,0,1,A,11,19,4,7,12,12,3,7,3,4,1,0,3.75,3.75,1.91,3.6,3.75,1.95,,,,3.81,3.88,1.96,3.5,3.6,1.95,,,,3.81,3.95,1.99,3.61,3.74,1.94,,,,1.67,2.15,1.72,2.21,1.74,2.23,1.69,2.17,,,0.5,1.93,1.93,1.94,1.96,1.97,2.01,1.89,1.94,,,4.0,3.6,1.91,3.75,3.6,1.93,,,,4.21,3.74,1.91,3.75,3.5,1.88,,,,4.21,3.92,1.95,3.89,3.63,1.9,,,,1.7,2.1,1.74,2.18,1.77,2.21,1.71,2.12,,,0.5,1.98,1.88,2.0,1.91,2.03,1.95,1.95,1.9,,,2022/23,D2,3.55,3.7,1.97,3.6,3.7,1.91,3.75,3.55,1.95,3.75,3.6,1.9
,,19:30,Heidenheim,Hamburg,3,3,D,3,0,H,24,14,9,7,8,9,4,5,3,2,0,0,2.9,3.5,2.38,2.85,3.6,2.35,,,,2.98,3.6,2.42,2.88,3.4,2.3,,,,3.05,3.7,2.42,2.87,3.52,2.34,,,,1.73,2.08,1.76,2.14,1.76,2.21,1.71,2.12,,,0.25,1.8,2.05,1.83,2.09,1.92,2.11,1.8,2.03,,,2.88,3.75,2.3,2.9,3.5,2.35,,,,2.95,3.67,2.4,2.9,3.4,2.25,,,,2.99,3.75,2.4,2.89,3.55,2.32,,,,1.73,2.08,1.77,2.13,1.79,2.16,1.73,2.09,,,0.25,1.8,2.05,1.83,2.09,1.87,2.11,1.82,2.03,,,2022/23,D2,2.85,3.55,2.4,2.88,3.5,2.3,2.9,3.5,2.35,2.88,3.5,2.3
,,12:30,Hamburg,Bielefeld,2,1,H,1,0,H,10,11,4,5,10,16,2,4,2,3,0,0,1.5,4.33,6.5,1.49,4.6,6.0,,,,1.5,4.67,6.6,1.44,4.33,6.5,,,,1.5,4.75,6.6,1.48,4.55,6.18,,,,1.53,2.4,1.56,2.54,1.57,2.55,1.53,2.45,,,-1.25,2.0,1.85,2.06,1.85,2.06,1.89,2.01,1.83,,,1.55,4.33,5.75,1.55,4.4,5.5,,,,1.56,4.54,5.86,1.5,4.2,6.0,,,,1.57,4.77,6.25,1.53,4.42,5.59,,,,1.5,2.5,1.52,2.64,1.56,2.75,1.51,2.53,,,-1.0,1.9,1.95,1.91,1.99,1.94,2.11,1.87,1.97,,,2022/23,D2,1.5,4.6,6.0,1.45,4.6,6.0,1.5,4.4,6.25,1.53,4.4,5.25
,,19:30,Darmstadt,Hamburg,1,1,D,0,1,A,12,13,6,2,9,19,6,5,1,5,0,0,2.55,3.75,2.5,2.7,3.5,2.45,,,,2.72,3.71,2.56,2.7,3.4,2.4,,,,2.73,3.75,2.6,2.66,3.56,2.48,,,,1.67,2.15,1.66,2.33,1.7,2.33,1.64,2.24,,,0.0,2.0,1.85,2.01,1.89,2.08,1.9,1.98,1.85,,,2.45,3.75,2.55,2.5,3.5,2.65,,,,2.55,3.68,2.75,2.38,3.5,2.7,,,,2.68,3.78,2.89,2.5,3.53,2.67,,,,1.62,2.25,1.65,2.34,1.77,2.39,1.67,2.2,,,0.0,1.83,2.02,1.88,2.03,1.93,2.13,1.86,1.97,,,2022/23,D2,2.65,3.4,2.6,2.63,3.6,2.45,2.55,3.5,2.65,2.45,3.6,2.63
,,12:00,Hamburg,Nurnberg,3,0,H,1,0,H,17,15,7,4,12,12,4,4,2,1,0,0,1.57,4.0,5.5,1.58,4.2,5.5,,,,1.62,4.2,5.74,1.57,4.0,5.25,,,,1.62,4.4,5.75,1.58,4.16,5.38,,,,1.67,2.15,1.68,2.28,1.72,2.33,1.66,2.2,,,-1.0,2.0,1.85,2.06,1.85,2.06,1.91,1.99,1.85,,,1.45,4.2,6.5,1.51,4.33,6.0,,,,1.51,4.47,6.83,1.44,4.2,6.5,,,,1.55,4.6,6.83,1.51,4.33,6.04,,,,1.65,2.2,1.67,2.31,1.67,2.35,1.65,2.23,,,-1.0,1.83,2.02,1.85,2.07,1.9,2.08,1.86,1.98,,,2022/23,D2,1.6,4.2,5.25,1.57,4.2,5.0,1.55,4.2,5.75,1.5,4.33,5.75
,,12:30,Karlsruhe,Hamburg,4,2,H,3,0,H,15,15,8,3,17,8,5,2,2,2,0,1,3.1,3.5,2.25,3.0,3.8,2.15,,,,3.08,3.74,2.29,2.88,3.6,2.2,,,,3.1,3.9,2.29,2.94,3.67,2.22,,,,1.57,2.35,1.61,2.42,1.61,2.45,1.57,2.35,,,0.25,1.88,1.98,1.91,2.0,1.95,2.0,1.87,1.95,,,3.0,3.6,2.25,2.95,3.7,2.25,,,,3.03,3.84,2.28,2.9,3.6,2.2,,,,3.26,3.85,2.28,2.95,3.69,2.22,,,,1.5,2.5,1.53,2.61,1.53,2.7,1.49,2.53,,,0.25,1.85,2.0,1.91,2.0,1.94,2.05,1.88,1.95,,,2022/23,D2,2.95,3.7,2.25,2.9,3.6,2.25,2.95,3.7,2.25,2.88,3.8,2.2
,,12:00,Hamburg,Holstein Kiel,0,0,D,0,0,D,22,4,10,1,15,13,17,3,3,4,0,0,1.73,4.2,4.2,1.7,4.2,4.33,,,,1.78,4.21,4.33,1.7,3.9,4.2,,,,1.78,4.25,4.36,1.72,4.1,4.22,,,,1.5,2.5,1.55,2.58,1.55,2.6,1.51,2.5,,,-0.75,1.95,1.9,1.99,1.92,1.99,1.96,1.92,1.91,,,1.67,4.33,4.2,1.7,4.33,4.33,,,,1.69,4.47,4.61,1.65,4.2,4.33,,,,1.73,4.5,4.7,1.68,4.27,4.33,,,,1.4,2.88,1.43,2.96,1.51,3.1,1.39,2.89,,,-0.75,1.85,2.0,1.86,2.05,1.89,2.07,1.84,2.0,,,2022/23,D2,1.73,4.2,4.3,1.73,4.1,4.1,1.73,4.1,4.3,1.67,4.2,4.33
,,17:30,Fortuna Dusseldorf,Hamburg,2,2,D,2,1,H,17,10,5,4,16,9,4,1,4,4,0,1,2.5,3.6,2.7,2.4,3.75,2.65,,,,2.51,3.83,2.72,2.35,3.6,2.62,,,,2.51,3.83,2.74,2.41,3.69,2.66,,,,1.57,2.35,1.58,2.5,1.6,2.55,1.55,2.4,,,0.0,1.85,2.0,1.88,2.03,1.89,2.04,1.83,2.0,,,2.38,3.6,2.88,2.35,3.7,2.8,,,,2.41,3.71,2.91,2.3,3.5,2.75,,,,2.5,3.76,2.91,2.35,3.63,2.77,,,,1.57,2.35,1.62,2.4,1.62,2.45,1.57,2.35,,,0.0,1.73,2.08,1.78,2.15,1.84,2.17,1.77,2.07,,,2022/23,D2,2.5,3.55,2.65,2.38,3.75,2.6,2.5,3.55,2.65,2.3,3.7,2.7
,,12:00,Hamburg,Hannover,6,1,H,2,0,H,17,6,8,2,11,5,6,3,3,1,0,0,1.5,4.75,5.5,1.52,4.6,5.5,,,,1.55,4.59,5.93,1.5,4.4,5.5,,,,1.55,4.8,6.0,1.51,4.52,5.58,,,,1.44,2.7,1.48,2.77,1.48,2.88,1.45,2.69,,,-1.0,1.8,2.05,1.85,2.06,1.85,2.09,1.81,2.02,,,1.33,5.75,7.0,1.34,5.5,8.0,,,,1.36,5.56,8.42,1.32,5.0,8.0,,,,1.47,5.9,8.75,1.35,5.3,7.53,,,,1.36,3.1,1.4,3.06,1.41,3.1,1.38,2.92,,,-1.25,1.65,2.2,1.71,2.25,1.96,2.29,1.75,2.11,,,2022/23,D2,1.53,4.7,5.5,1.5,4.6,5.25,1.43,5.0,6.5,1.33,5.0,8.0
,,19:30,Kaiserslautern,Hamburg,2,0,H,0,0,D,13,8,6,1,12,13,4,4,3,1,0,0,3.8,3.75,1.91,3.5,3.75,1.98,,,,3.77,3.91,1.97,3.5,3.7,1.91,,,,3.8,3.91,2.0,3.58,3.75,1.93,,,,1.62,2.25,1.65,2.34,1.7,2.34,1.62,2.25,,,0.5,1.93,1.93,1.93,1.97,1.96,1.98,1.89,1.93,,,3.8,3.6,1.91,3.7,3.8,1.9,,,,3.81,3.71,2.01,3.7,3.6,1.88,,,,3.99,3.95,2.01,3.66,3.74,1.9,,,,1.6,2.3,1.63,2.38,1.64,2.41,1.59,2.3,,,0.5,1.9,1.95,1.89,2.01,2.0,2.01,1.91,1.91,,,2022/23,D2,3.55,3.75,1.95,3.5,3.8,1.9,3.45,3.7,2.0,3.5,3.9,1.87
,,17:30,Hamburg,St Pauli,4,3,H,1,1,D,11,16,5,7,12,10,3,3,4,3,0,0,2.15,3.6,3.2,2.1,3.6,3.2,,,,2.22,3.69,3.27,2.05,3.5,3.25,,,,2.22,3.9,3.5,2.09,3.63,3.25,,,,1.62,2.25,1.64,2.36,1.65,2.42,1.6,2.3,,,-0.25,1.9,1.95,1.93,1.98,1.94,2.17,1.84,1.98,,,2.1,3.75,3.3,2.1,3.6,3.25,,,,2.15,3.7,3.42,2.1,3.5,3.2,,,,2.19,3.9,3.47,2.09,3.61,3.26,,,,1.62,2.25,1.65,2.35,1.65,2.42,1.59,2.3,,,-0.25,1.82,2.02,1.86,2.05,1.9,2.09,1.82,2.0,,,2022/23,D2,2.1,3.55,3.4,2.05,3.8,3.1,2.1,3.55,3.3,2.1,3.6,3.13
,,12:00,Magdeburg,Hamburg,3,2,H,1,1,D,11,13,4,7,11,17,2,12,2,3,0,0,3.4,4.0,1.95,3.4,4.0,1.95,,,,3.54,3.97,2.02,3.4,3.8,1.91,,,,3.7,4.15,2.02,3.44,3.92,1.94,,,,1.44,2.7,1.49,2.71,1.52,2.83,1.44,2.69,,,0.5,1.9,1.95,1.88,2.02,1.98,2.02,1.88,1.94,,,3.0,3.6,2.15,2.9,3.9,2.2,,,,3.1,3.98,2.2,2.9,3.6,2.2,,,,3.7,4.1,2.25,3.08,3.82,2.11,,,,1.44,2.7,1.47,2.79,1.47,2.9,1.43,2.75,,,0.25,1.95,1.9,1.97,1.93,2.14,1.98,1.97,1.85,,,2022/23,D2,3.7,3.8,1.9,3.3,3.9,1.93,3.7,3.8,1.9,2.88,3.8,2.15
,,17:30,Hamburg,Paderborn,2,2,D,1,1,D,11,11,3,6,18,8,3,4,4,1,0,0,2.1,4.0,3.0,2.15,3.75,3.0,,,,2.2,4.05,3.06,2.1,3.7,3.0,,,,2.21,4.05,3.39,2.15,3.84,2.98,,,,1.44,2.7,1.5,2.71,1.5,2.85,1.45,2.67,,,-0.25,1.93,1.93,1.94,1.96,1.97,2.1,1.89,1.93,,,1.91,4.0,3.5,1.98,3.8,3.4,,,,2.02,3.97,3.56,1.91,3.7,3.5,,,,2.14,4.05,3.65,1.97,3.83,3.39,,,,1.48,2.6,1.51,2.68,1.51,2.95,1.46,2.64,,,-0.5,1.98,1.88,2.02,1.89,2.08,1.94,1.97,1.86,,,2022/23,D2,2.15,3.8,3.05,2.1,4.0,2.88,1.95,3.8,3.5,1.95,3.9,3.25
,,12:30,Regensburg,Hamburg,1,5,A,0,4,A,13,15,6,8,13,10,6,4,3,1,0,0,3.8,4.0,1.85,3.75,4.0,1.85,,,,4.17,3.97,1.86,3.75,3.75,1.83,,,,4.17,4.09,1.9,3.87,3.84,1.84,,,,1.6,2.3,1.64,2.36,1.66,2.38,1.6,2.29,,,0.5,2.0,1.85,2.05,1.86,2.05,1.9,1.98,1.84,,,3.3,4.0,2.0,3.4,3.9,1.95,,,,3.54,4.01,2.01,3.4,3.6,1.95,,,,4.35,4.16,2.01,3.45,3.86,1.93,,,,1.48,2.6,1.5,2.69,1.57,2.75,1.47,2.6,,,0.5,1.85,2.0,1.89,2.01,1.97,2.04,1.87,1.96,,,2022/23,D2,3.8,3.85,1.9,3.75,3.9,1.83,3.55,3.9,1.95,3.25,4.0,1.93
,,19:30,Hamburg,Greuther Furth,2,1,H,1,0,H,13,16,3,3,18,12,1,7,5,2,1,1,1.5,4.5,6.0,1.49,4.75,5.75,,,,1.51,4.91,6.12,1.44,4.5,6.0,,,,1.51,5.12,6.5,1.47,4.78,5.82,,,,1.44,2.7,1.44,2.89,1.5,2.92,1.43,2.78,,,-1.25,2.02,1.82,2.06,1.85,2.11,1.91,1.99,1.83,,,1.45,4.75,6.5,1.43,5.0,6.5,,,,1.45,5.12,6.85,1.42,4.6,6.5,,,,1.45,5.43,7.25,1.42,4.94,6.42,,,,1.36,3.1,1.4,3.08,1.41,3.1,1.38,2.94,,,-1.25,1.9,1.95,1.93,1.97,1.95,2.04,1.87,1.94,,,2022/23,D2,1.45,4.7,6.5,1.45,4.75,5.75,1.4,4.9,7.25,1.4,4.8,6.5
,,14:30,Sandhausen,Hamburg,0,1,A,0,1,A,8,11,1,3,8,10,2,8,1,3,0,0,7.0,5.25,1.36,7.0,5.5,1.37,,,,7.55,5.71,1.38,6.5,5.0,1.3,,,,7.55,5.9,1.38,7.16,5.46,1.35,,,,1.33,3.4,1.37,3.23,1.37,3.4,1.34,3.13,,,1.5,1.93,1.93,1.97,1.93,1.97,1.96,1.91,1.9,,,10.0,5.75,1.29,8.25,5.75,1.32,,,,8.67,5.82,1.34,7.5,5.0,1.25,,,,10.0,6.2,1.35,8.17,5.74,1.31,,,,1.33,3.4,1.37,3.26,1.37,3.65,1.32,3.28,,,1.5,2.05,1.8,1.98,1.93,2.17,1.93,2.01,1.82,,,2022/23,D2,7.25,5.75,1.35,7.0,5.5,1.33,8.0,6.0,1.33,7.5,5.75,1.3
